Timestamp: 48324187 | CapsLock_Q START | currentState=IDLE
Timestamp: 48324203 | CapsLock_Q: Resetting State (Before) | firstKey= | inUltraFastMode=0 | activeRowKey=
Timestamp: 48324203 | CapsLock_Q: Reset State (After) | firstKey= | inUltraFastMode=0 | activeRowKey=
Timestamp: 48326156 | CapsLock_Q: Setting currentState=GRID_VISIBLE (Before) | currentState=IDLE
Timestamp: 48326156 | CapsLock_Q: Set currentState=GRID_VISIBLE (After) | currentState=GRID_VISIBLE
Timestamp: 48326218 | TrackCursor START | currentState=GRID_VISIBLE | firstKey= | activeRowKey= | inUltraFastMode=0
Timestamp: 48326250 | TrackCursor: Setting currentState=SUBGRID_ACTIVE (Mouse Move - Before)
Timestamp: 48326250 | TrackCursor: Set currentState=SUBGRID_ACTIVE (Mouse Move - After)
Timestamp: 48326281 | TrackCursor START | currentState=SUBGRID_ACTIVE | firstKey= | activeRowKey= | inUltraFastMode=0
Timestamp: 48326343 | TrackCursor START | currentState=SUBGRID_ACTIVE | firstKey= | activeRowKey= | inUltraFastMode=0
Timestamp: 48326406 | TrackCursor START | currentState=SUBGRID_ACTIVE | firstKey= | activeRowKey= | inUltraFastMode=0
Timestamp: 48326468 | TrackCursor START | currentState=SUBGRID_ACTIVE | firstKey= | activeRowKey= | inUltraFastMode=0
Timestamp: 48326531 | TrackCursor START | currentState=SUBGRID_ACTIVE | firstKey= | activeRowKey= | inUltraFastMode=0
Timestamp: 48326593 | TrackCursor START | currentState=SUBGRID_ACTIVE | firstKey= | activeRowKey= | inUltraFastMode=0
Timestamp: 48326656 | TrackCursor START | currentState=SUBGRID_ACTIVE | firstKey= | activeRowKey= | inUltraFastMode=0
Timestamp: 48326718 | TrackCursor START | currentState=SUBGRID_ACTIVE | firstKey= | activeRowKey= | inUltraFastMode=0
Timestamp: 48326781 | TrackCursor START | currentState=SUBGRID_ACTIVE | firstKey= | activeRowKey= | inUltraFastMode=0
Timestamp: 48326843 | TrackCursor START | currentState=SUBGRID_ACTIVE | firstKey= | activeRowKey= | inUltraFastMode=0
Timestamp: 48326906 | TrackCursor START | currentState=SUBGRID_ACTIVE | firstKey= | activeRowKey= | inUltraFastMode=0
Timestamp: 48326968 | TrackCursor START | currentState=SUBGRID_ACTIVE | firstKey= | activeRowKey= | inUltraFastMode=0
Timestamp: 48327031 | TrackCursor START | currentState=SUBGRID_ACTIVE | firstKey= | activeRowKey= | inUltraFastMode=0
Timestamp: 48327093 | TrackCursor START | currentState=SUBGRID_ACTIVE | firstKey= | activeRowKey= | inUltraFastMode=0
Timestamp: 48327156 | TrackCursor START | currentState=SUBGRID_ACTIVE | firstKey= | activeRowKey= | inUltraFastMode=0
Timestamp: 48327218 | TrackCursor START | currentState=SUBGRID_ACTIVE | firstKey= | activeRowKey= | inUltraFastMode=0
Timestamp: 48327281 | TrackCursor START | currentState=SUBGRID_ACTIVE | firstKey= | activeRowKey= | inUltraFastMode=0
Timestamp: 48327343 | TrackCursor START | currentState=SUBGRID_ACTIVE | firstKey= | activeRowKey= | inUltraFastMode=0
Timestamp: 48327406 | TrackCursor START | currentState=SUBGRID_ACTIVE | firstKey= | activeRowKey= | inUltraFastMode=0
Timestamp: 48327468 | TrackCursor START | currentState=SUBGRID_ACTIVE | firstKey= | activeRowKey= | inUltraFastMode=0
Timestamp: 48327531 | TrackCursor START | currentState=SUBGRID_ACTIVE | firstKey= | activeRowKey= | inUltraFastMode=0
Timestamp: 48327593 | TrackCursor START | currentState=SUBGRID_ACTIVE | firstKey= | activeRowKey= | inUltraFastMode=0
Timestamp: 48327656 | TrackCursor START | currentState=SUBGRID_ACTIVE | firstKey= | activeRowKey= | inUltraFastMode=0
Timestamp: 48327718 | TrackCursor START | currentState=SUBGRID_ACTIVE | firstKey= | activeRowKey= | inUltraFastMode=0
Timestamp: 48327781 | TrackCursor START | currentState=SUBGRID_ACTIVE | firstKey= | activeRowKey= | inUltraFastMode=0
Timestamp: 48327843 | TrackCursor START | currentState=SUBGRID_ACTIVE | firstKey= | activeRowKey= | inUltraFastMode=0
Timestamp: 48327906 | TrackCursor START | currentState=SUBGRID_ACTIVE | firstKey= | activeRowKey= | inUltraFastMode=0
Timestamp: 48327968 | TrackCursor START | currentState=SUBGRID_ACTIVE | firstKey= | activeRowKey= | inUltraFastMode=0
Timestamp: 48328031 | TrackCursor START | currentState=SUBGRID_ACTIVE | firstKey= | activeRowKey= | inUltraFastMode=0
Timestamp: 48328093 | TrackCursor START | currentState=SUBGRID_ACTIVE | firstKey= | activeRowKey= | inUltraFastMode=0
Timestamp: 48328156 | TrackCursor START | currentState=SUBGRID_ACTIVE | firstKey= | activeRowKey= | inUltraFastMode=0
Timestamp: 48328218 | TrackCursor START | currentState=SUBGRID_ACTIVE | firstKey= | activeRowKey= | inUltraFastMode=0
Timestamp: 48328281 | TrackCursor START | currentState=SUBGRID_ACTIVE | firstKey= | activeRowKey= | inUltraFastMode=0
Timestamp: 48328343 | TrackCursor START | currentState=SUBGRID_ACTIVE | firstKey= | activeRowKey= | inUltraFastMode=0
Timestamp: 48328406 | TrackCursor START | currentState=SUBGRID_ACTIVE | firstKey= | activeRowKey= | inUltraFastMode=0
Timestamp: 48328468 | TrackCursor START | currentState=SUBGRID_ACTIVE | firstKey= | activeRowKey= | inUltraFastMode=0
Timestamp: 48328531 | TrackCursor START | currentState=SUBGRID_ACTIVE | firstKey= | activeRowKey= | inUltraFastMode=0
Timestamp: 48328593 | TrackCursor START | currentState=SUBGRID_ACTIVE | firstKey= | activeRowKey= | inUltraFastMode=0
Timestamp: 48328656 | TrackCursor START | currentState=SUBGRID_ACTIVE | firstKey= | activeRowKey= | inUltraFastMode=0
Timestamp: 48328718 | TrackCursor START | currentState=SUBGRID_ACTIVE | firstKey= | activeRowKey= | inUltraFastMode=0
Timestamp: 48328781 | TrackCursor START | currentState=SUBGRID_ACTIVE | firstKey= | activeRowKey= | inUltraFastMode=0
Timestamp: 48328843 | TrackCursor START | currentState=SUBGRID_ACTIVE | firstKey= | activeRowKey= | inUltraFastMode=0
Timestamp: 48328906 | TrackCursor START | currentState=SUBGRID_ACTIVE | firstKey= | activeRowKey= | inUltraFastMode=0
Timestamp: 48328968 | TrackCursor START | currentState=SUBGRID_ACTIVE | firstKey= | activeRowKey= | inUltraFastMode=0
Timestamp: 48329031 | TrackCursor START | currentState=SUBGRID_ACTIVE | firstKey= | activeRowKey= | inUltraFastMode=0
Timestamp: 48329093 | TrackCursor START | currentState=SUBGRID_ACTIVE | firstKey= | activeRowKey= | inUltraFastMode=0
Timestamp: 48329156 | TrackCursor START | currentState=SUBGRID_ACTIVE | firstKey= | activeRowKey= | inUltraFastMode=0
Timestamp: 48329218 | TrackCursor START | currentState=SUBGRID_ACTIVE | firstKey= | activeRowKey= | inUltraFastMode=0
Timestamp: 48329281 | TrackCursor START | currentState=SUBGRID_ACTIVE | firstKey= | activeRowKey= | inUltraFastMode=0
Timestamp: 48329343 | TrackCursor START | currentState=SUBGRID_ACTIVE | firstKey= | activeRowKey= | inUltraFastMode=0
Timestamp: 48329406 | TrackCursor START | currentState=SUBGRID_ACTIVE | firstKey= | activeRowKey= | inUltraFastMode=0
Timestamp: 48329468 | TrackCursor START | currentState=SUBGRID_ACTIVE | firstKey= | activeRowKey= | inUltraFastMode=0
Timestamp: 48329531 | TrackCursor START | currentState=SUBGRID_ACTIVE | firstKey= | activeRowKey= | inUltraFastMode=0
Timestamp: 48329593 | TrackCursor START | currentState=SUBGRID_ACTIVE | firstKey= | activeRowKey= | inUltraFastMode=0
Timestamp: 48329656 | TrackCursor START | currentState=SUBGRID_ACTIVE | firstKey= | activeRowKey= | inUltraFastMode=0
Timestamp: 48329718 | TrackCursor START | currentState=SUBGRID_ACTIVE | firstKey= | activeRowKey= | inUltraFastMode=0
Timestamp: 48329781 | TrackCursor START | currentState=SUBGRID_ACTIVE | firstKey= | activeRowKey= | inUltraFastMode=0
Timestamp: 48329843 | TrackCursor START | currentState=SUBGRID_ACTIVE | firstKey= | activeRowKey= | inUltraFastMode=0
Timestamp: 48329906 | TrackCursor START | currentState=SUBGRID_ACTIVE | firstKey= | activeRowKey= | inUltraFastMode=0
Timestamp: 48329968 | TrackCursor START | currentState=SUBGRID_ACTIVE | firstKey= | activeRowKey= | inUltraFastMode=0
Timestamp: 48330031 | TrackCursor START | currentState=SUBGRID_ACTIVE | firstKey= | activeRowKey= | inUltraFastMode=0
Timestamp: 48330093 | TrackCursor START | currentState=SUBGRID_ACTIVE | firstKey= | activeRowKey= | inUltraFastMode=0
Timestamp: 48330156 | TrackCursor START | currentState=SUBGRID_ACTIVE | firstKey= | activeRowKey= | inUltraFastMode=0
Timestamp: 48330218 | TrackCursor START | currentState=SUBGRID_ACTIVE | firstKey= | activeRowKey= | inUltraFastMode=0
Timestamp: 48330281 | TrackCursor START | currentState=SUBGRID_ACTIVE | firstKey= | activeRowKey= | inUltraFastMode=0
Timestamp: 48330343 | TrackCursor START | currentState=SUBGRID_ACTIVE | firstKey= | activeRowKey= | inUltraFastMode=0
Timestamp: 48330406 | TrackCursor START | currentState=SUBGRID_ACTIVE | firstKey= | activeRowKey= | inUltraFastMode=0
Timestamp: 48330468 | TrackCursor START | currentState=SUBGRID_ACTIVE | firstKey= | activeRowKey= | inUltraFastMode=0
Timestamp: 48330484 | ProcessKeyPress START | key=q | PhysicallyDown=DOWN | currentState=SUBGRID_ACTIVE | rowKeyHeldTime=0 | activeRowKey=
Timestamp: 48330484 | StartNewSelection START | key=q | PhysicallyDown=DOWN | currentState=SUBGRID_ACTIVE | firstKey= | activeRowKey= | activeRowKeyPhysicallyDown=UP | inUltraFastMode=0
Timestamp: 48330484 | StartNewSelection: Resetting State (Before) | activeCellKey=al | activeSubCellKey= | firstKey= | inUltraFastMode=0 | activeRowKey=
Timestamp: 48330484 | StartNewSelection: Reset State (After) | inUltraFastMode=0 | activeRowKey=
Timestamp: 48330484 | StartNewSelection: Setting currentState=GRID_VISIBLE (Before) | currentState=SUBGRID_ACTIVE
Timestamp: 48330484 | StartNewSelection: Set currentState=GRID_VISIBLE (After) | currentState=GRID_VISIBLE
Timestamp: 48330500 | HandleKey START | key=q | PhysicallyDown=DOWN | currentState=GRID_VISIBLE | firstKey= | activeRowKey= | inUltraFastMode=0
Timestamp: 48330500 | HandleKey: First Key Press | key=q
Timestamp: 48330500 | HandleKey FINALLY: Lock Released
Timestamp: 48330625 | TrackCursor START | currentState=GRID_VISIBLE | firstKey=q | activeRowKey= | inUltraFastMode=0
Timestamp: 48330625 | TrackCursor: Setting currentState=SUBGRID_ACTIVE (Mouse Move - Before)
Timestamp: 48330625 | TrackCursor: Set currentState=SUBGRID_ACTIVE (Mouse Move - After)
Timestamp: 48330656 | ProcessKeyPress START | key=. | PhysicallyDown=DOWN | currentState=SUBGRID_ACTIVE | rowKeyHeldTime=0 | activeRowKey=
Timestamp: 48330656 | StartNewSelection START | key=. | PhysicallyDown=DOWN | currentState=SUBGRID_ACTIVE | firstKey=q | activeRowKey= | activeRowKeyPhysicallyDown=UP | inUltraFastMode=0
Timestamp: 48330656 | StartNewSelection: Resetting State (Before) | activeCellKey=ql | activeSubCellKey= | firstKey=q | inUltraFastMode=0 | activeRowKey=
Timestamp: 48330656 | StartNewSelection: Reset State (After) | inUltraFastMode=0 | activeRowKey=
Timestamp: 48330656 | StartNewSelection: Setting currentState=GRID_VISIBLE (Before) | currentState=SUBGRID_ACTIVE
Timestamp: 48330656 | StartNewSelection: Set currentState=GRID_VISIBLE (After) | currentState=GRID_VISIBLE
Timestamp: 48330687 | HandleKey START | key=. | PhysicallyDown=DOWN | currentState=GRID_VISIBLE | firstKey= | activeRowKey= | inUltraFastMode=0
Timestamp: 48330687 | HandleKey: First Key Press | key=.
Timestamp: 48330687 | HandleKey FINALLY: Lock Released
Timestamp: 48330781 | TrackCursor START | currentState=GRID_VISIBLE | firstKey=. | activeRowKey= | inUltraFastMode=0
Timestamp: 48330781 | TrackCursor: Setting currentState=SUBGRID_ACTIVE (Mouse Move - Before)
Timestamp: 48330781 | TrackCursor: Set currentState=SUBGRID_ACTIVE (Mouse Move - After)
Timestamp: 48330843 | TrackCursor START | currentState=SUBGRID_ACTIVE | firstKey=. | activeRowKey= | inUltraFastMode=0
Timestamp: 48330906 | TrackCursor START | currentState=SUBGRID_ACTIVE | firstKey=. | activeRowKey= | inUltraFastMode=0
Timestamp: 48330968 | TrackCursor START | currentState=SUBGRID_ACTIVE | firstKey=. | activeRowKey= | inUltraFastMode=0
Timestamp: 48331031 | TrackCursor START | currentState=SUBGRID_ACTIVE | firstKey=. | activeRowKey= | inUltraFastMode=0
Timestamp: 48331093 | TrackCursor START | currentState=SUBGRID_ACTIVE | firstKey=. | activeRowKey= | inUltraFastMode=0
Timestamp: 48331156 | TrackCursor START | currentState=SUBGRID_ACTIVE | firstKey=. | activeRowKey= | inUltraFastMode=0
Timestamp: 48331171 | ProcessKeyPress START | key=. | PhysicallyDown=DOWN | currentState=SUBGRID_ACTIVE | rowKeyHeldTime=0 | activeRowKey=
Timestamp: 48331171 | StartNewSelection START | key=. | PhysicallyDown=DOWN | currentState=SUBGRID_ACTIVE | firstKey=. | activeRowKey= | activeRowKeyPhysicallyDown=UP | inUltraFastMode=0
Timestamp: 48331171 | StartNewSelection: Resetting State (Before) | activeCellKey=q. | activeSubCellKey= | firstKey=. | inUltraFastMode=0 | activeRowKey=
Timestamp: 48331171 | StartNewSelection: Reset State (After) | inUltraFastMode=0 | activeRowKey=
Timestamp: 48331171 | StartNewSelection: Setting currentState=GRID_VISIBLE (Before) | currentState=SUBGRID_ACTIVE
Timestamp: 48331171 | StartNewSelection: Set currentState=GRID_VISIBLE (After) | currentState=GRID_VISIBLE
Timestamp: 48331187 | HandleKey START | key=. | PhysicallyDown=DOWN | currentState=GRID_VISIBLE | firstKey= | activeRowKey= | inUltraFastMode=0
Timestamp: 48331187 | HandleKey: First Key Press | key=.
Timestamp: 48331187 | HandleKey FINALLY: Lock Released
Timestamp: 48331234 | ProcessKeyPress START | key=. | PhysicallyDown=DOWN | currentState=GRID_VISIBLE | rowKeyHeldTime=0 | activeRowKey=
Timestamp: 48331234 | HandleKey START | key=. | PhysicallyDown=DOWN | currentState=GRID_VISIBLE | firstKey=. | activeRowKey= | inUltraFastMode=0
Timestamp: 48331234 | Ignored rapid repeat: key=.
Timestamp: 48331234 | HandleKey FINALLY: Lock Released
Timestamp: 48331265 | ProcessKeyPress START | key=. | PhysicallyDown=DOWN | currentState=GRID_VISIBLE | rowKeyHeldTime=0 | activeRowKey=
Timestamp: 48331265 | HandleKey START | key=. | PhysicallyDown=DOWN | currentState=GRID_VISIBLE | firstKey=. | activeRowKey= | inUltraFastMode=0
Timestamp: 48331265 | HandleKey: Second Key Press | key=. | firstKey=.
Timestamp: 48331265 | Second Key Check: firstKeyWasCol=0 | firstKeyWasRow=1
Timestamp: 48331265 | Branch: Row -> Row (Change Row)
Timestamp: 48331265 | HandleKey FINALLY: Lock Released
Timestamp: 48331296 | ProcessKeyPress START | key=. | PhysicallyDown=DOWN | currentState=GRID_VISIBLE | rowKeyHeldTime=0 | activeRowKey=
Timestamp: 48331296 | HandleKey START | key=. | PhysicallyDown=DOWN | currentState=GRID_VISIBLE | firstKey=. | activeRowKey= | inUltraFastMode=0
Timestamp: 48331296 | Ignored rapid repeat: key=.
Timestamp: 48331296 | HandleKey FINALLY: Lock Released
Timestamp: 48331328 | TrackCursor START | currentState=GRID_VISIBLE | firstKey=. | activeRowKey= | inUltraFastMode=0
Timestamp: 48331328 | TrackCursor: Setting currentState=SUBGRID_ACTIVE (Mouse Move - Before)
Timestamp: 48331328 | TrackCursor: Set currentState=SUBGRID_ACTIVE (Mouse Move - After)
Timestamp: 48331343 | ProcessKeyPress START | key=. | PhysicallyDown=DOWN | currentState=SUBGRID_ACTIVE | rowKeyHeldTime=0 | activeRowKey=
Timestamp: 48331343 | StartNewSelection START | key=. | PhysicallyDown=DOWN | currentState=SUBGRID_ACTIVE | firstKey=. | activeRowKey= | activeRowKeyPhysicallyDown=UP | inUltraFastMode=0
Timestamp: 48331343 | StartNewSelection: Resetting State (Before) | activeCellKey=q. | activeSubCellKey= | firstKey=. | inUltraFastMode=0 | activeRowKey=
Timestamp: 48331343 | StartNewSelection: Reset State (After) | inUltraFastMode=0 | activeRowKey=
Timestamp: 48331343 | StartNewSelection: Setting currentState=GRID_VISIBLE (Before) | currentState=SUBGRID_ACTIVE
Timestamp: 48331343 | StartNewSelection: Set currentState=GRID_VISIBLE (After) | currentState=GRID_VISIBLE
Timestamp: 48331359 | HandleKey START | key=. | PhysicallyDown=DOWN | currentState=GRID_VISIBLE | firstKey= | activeRowKey= | inUltraFastMode=0
Timestamp: 48331359 | HandleKey: First Key Press | key=.
Timestamp: 48331359 | HandleKey FINALLY: Lock Released
Timestamp: 48331390 | ProcessKeyPress START | key=. | PhysicallyDown=DOWN | currentState=GRID_VISIBLE | rowKeyHeldTime=0 | activeRowKey=
Timestamp: 48331390 | HandleKey START | key=. | PhysicallyDown=DOWN | currentState=GRID_VISIBLE | firstKey=. | activeRowKey= | inUltraFastMode=0
Timestamp: 48331390 | Ignored rapid repeat: key=.
Timestamp: 48331390 | HandleKey FINALLY: Lock Released
Timestamp: 48331437 | ProcessKeyPress START | key=. | PhysicallyDown=DOWN | currentState=GRID_VISIBLE | rowKeyHeldTime=0 | activeRowKey=
Timestamp: 48331437 | HandleKey START | key=. | PhysicallyDown=DOWN | currentState=GRID_VISIBLE | firstKey=. | activeRowKey= | inUltraFastMode=0
Timestamp: 48331437 | HandleKey: Second Key Press | key=. | firstKey=.
Timestamp: 48331437 | Second Key Check: firstKeyWasCol=0 | firstKeyWasRow=1
Timestamp: 48331437 | Branch: Row -> Row (Change Row)
Timestamp: 48331437 | HandleKey FINALLY: Lock Released
Timestamp: 48331468 | ProcessKeyPress START | key=. | PhysicallyDown=DOWN | currentState=GRID_VISIBLE | rowKeyHeldTime=0 | activeRowKey=
Timestamp: 48331468 | HandleKey START | key=. | PhysicallyDown=DOWN | currentState=GRID_VISIBLE | firstKey=. | activeRowKey= | inUltraFastMode=0
Timestamp: 48331468 | Ignored rapid repeat: key=.
Timestamp: 48331468 | HandleKey FINALLY: Lock Released
Timestamp: 48331500 | TrackCursor START | currentState=GRID_VISIBLE | firstKey=. | activeRowKey= | inUltraFastMode=0
Timestamp: 48331500 | TrackCursor: Setting currentState=SUBGRID_ACTIVE (Mouse Move - Before)
Timestamp: 48331500 | TrackCursor: Set currentState=SUBGRID_ACTIVE (Mouse Move - After)
Timestamp: 48331500 | ProcessKeyPress START | key=. | PhysicallyDown=DOWN | currentState=SUBGRID_ACTIVE | rowKeyHeldTime=0 | activeRowKey=
Timestamp: 48331515 | StartNewSelection START | key=. | PhysicallyDown=DOWN | currentState=SUBGRID_ACTIVE | firstKey=. | activeRowKey= | activeRowKeyPhysicallyDown=UP | inUltraFastMode=0
Timestamp: 48331515 | StartNewSelection: Resetting State (Before) | activeCellKey=q. | activeSubCellKey= | firstKey=. | inUltraFastMode=0 | activeRowKey=
Timestamp: 48331515 | StartNewSelection: Reset State (After) | inUltraFastMode=0 | activeRowKey=
Timestamp: 48331515 | StartNewSelection: Setting currentState=GRID_VISIBLE (Before) | currentState=SUBGRID_ACTIVE
Timestamp: 48331515 | StartNewSelection: Set currentState=GRID_VISIBLE (After) | currentState=GRID_VISIBLE
Timestamp: 48331531 | HandleKey START | key=. | PhysicallyDown=DOWN | currentState=GRID_VISIBLE | firstKey= | activeRowKey= | inUltraFastMode=0
Timestamp: 48331531 | HandleKey: First Key Press | key=.
Timestamp: 48331531 | HandleKey FINALLY: Lock Released
Timestamp: 48331562 | ProcessKeyPress START | key=. | PhysicallyDown=DOWN | currentState=GRID_VISIBLE | rowKeyHeldTime=0 | activeRowKey=
Timestamp: 48331562 | HandleKey START | key=. | PhysicallyDown=DOWN | currentState=GRID_VISIBLE | firstKey=. | activeRowKey= | inUltraFastMode=0
Timestamp: 48331562 | Ignored rapid repeat: key=.
Timestamp: 48331562 | HandleKey FINALLY: Lock Released
Timestamp: 48331593 | ProcessKeyPress START | key=. | PhysicallyDown=DOWN | currentState=GRID_VISIBLE | rowKeyHeldTime=0 | activeRowKey=
Timestamp: 48331593 | HandleKey START | key=. | PhysicallyDown=DOWN | currentState=GRID_VISIBLE | firstKey=. | activeRowKey= | inUltraFastMode=0
Timestamp: 48331593 | HandleKey: Second Key Press | key=. | firstKey=.
Timestamp: 48331593 | Second Key Check: firstKeyWasCol=0 | firstKeyWasRow=1
Timestamp: 48331593 | Branch: Row -> Row (Change Row)
Timestamp: 48331593 | HandleKey FINALLY: Lock Released
Timestamp: 48331625 | ProcessKeyPress START | key=. | PhysicallyDown=DOWN | currentState=GRID_VISIBLE | rowKeyHeldTime=0 | activeRowKey=
Timestamp: 48331625 | HandleKey START | key=. | PhysicallyDown=DOWN | currentState=GRID_VISIBLE | firstKey=. | activeRowKey= | inUltraFastMode=0
Timestamp: 48331625 | Ignored rapid repeat: key=.
Timestamp: 48331625 | HandleKey FINALLY: Lock Released
Timestamp: 48331656 | TrackCursor START | currentState=GRID_VISIBLE | firstKey=. | activeRowKey= | inUltraFastMode=0
Timestamp: 48331656 | TrackCursor: Setting currentState=SUBGRID_ACTIVE (Mouse Move - Before)
Timestamp: 48331656 | TrackCursor: Set currentState=SUBGRID_ACTIVE (Mouse Move - After)
Timestamp: 48331671 | ProcessKeyPress START | key=. | PhysicallyDown=DOWN | currentState=SUBGRID_ACTIVE | rowKeyHeldTime=0 | activeRowKey=
Timestamp: 48331671 | StartNewSelection START | key=. | PhysicallyDown=DOWN | currentState=SUBGRID_ACTIVE | firstKey=. | activeRowKey= | activeRowKeyPhysicallyDown=UP | inUltraFastMode=0
Timestamp: 48331671 | StartNewSelection: Resetting State (Before) | activeCellKey=q. | activeSubCellKey= | firstKey=. | inUltraFastMode=0 | activeRowKey=
Timestamp: 48331671 | StartNewSelection: Reset State (After) | inUltraFastMode=0 | activeRowKey=
Timestamp: 48331671 | StartNewSelection: Setting currentState=GRID_VISIBLE (Before) | currentState=SUBGRID_ACTIVE
Timestamp: 48331671 | StartNewSelection: Set currentState=GRID_VISIBLE (After) | currentState=GRID_VISIBLE
Timestamp: 48331687 | HandleKey START | key=. | PhysicallyDown=DOWN | currentState=GRID_VISIBLE | firstKey= | activeRowKey= | inUltraFastMode=0
Timestamp: 48331687 | HandleKey: First Key Press | key=.
Timestamp: 48331687 | HandleKey FINALLY: Lock Released
Timestamp: 48331734 | ProcessKeyPress START | key=. | PhysicallyDown=DOWN | currentState=GRID_VISIBLE | rowKeyHeldTime=0 | activeRowKey=
Timestamp: 48331734 | HandleKey START | key=. | PhysicallyDown=DOWN | currentState=GRID_VISIBLE | firstKey=. | activeRowKey= | inUltraFastMode=0
Timestamp: 48331734 | Ignored rapid repeat: key=.
Timestamp: 48331734 | HandleKey FINALLY: Lock Released
Timestamp: 48331765 | ProcessKeyPress START | key=. | PhysicallyDown=DOWN | currentState=GRID_VISIBLE | rowKeyHeldTime=0 | activeRowKey=
Timestamp: 48331765 | HandleKey START | key=. | PhysicallyDown=DOWN | currentState=GRID_VISIBLE | firstKey=. | activeRowKey= | inUltraFastMode=0
Timestamp: 48331765 | HandleKey: Second Key Press | key=. | firstKey=.
Timestamp: 48331765 | Second Key Check: firstKeyWasCol=0 | firstKeyWasRow=1
Timestamp: 48331765 | Branch: Row -> Row (Change Row)
Timestamp: 48331765 | HandleKey FINALLY: Lock Released
Timestamp: 48331796 | ProcessKeyPress START | key=. | PhysicallyDown=DOWN | currentState=GRID_VISIBLE | rowKeyHeldTime=0 | activeRowKey=
Timestamp: 48331796 | HandleKey START | key=. | PhysicallyDown=DOWN | currentState=GRID_VISIBLE | firstKey=. | activeRowKey= | inUltraFastMode=0
Timestamp: 48331796 | Ignored rapid repeat: key=.
Timestamp: 48331796 | HandleKey FINALLY: Lock Released
Timestamp: 48331828 | TrackCursor START | currentState=GRID_VISIBLE | firstKey=. | activeRowKey= | inUltraFastMode=0
Timestamp: 48331828 | TrackCursor: Setting currentState=SUBGRID_ACTIVE (Mouse Move - Before)
Timestamp: 48331828 | TrackCursor: Set currentState=SUBGRID_ACTIVE (Mouse Move - After)
Timestamp: 48331843 | ProcessKeyPress START | key=. | PhysicallyDown=DOWN | currentState=SUBGRID_ACTIVE | rowKeyHeldTime=0 | activeRowKey=
Timestamp: 48331843 | StartNewSelection START | key=. | PhysicallyDown=DOWN | currentState=SUBGRID_ACTIVE | firstKey=. | activeRowKey= | activeRowKeyPhysicallyDown=UP | inUltraFastMode=0
Timestamp: 48331843 | StartNewSelection: Resetting State (Before) | activeCellKey=q. | activeSubCellKey= | firstKey=. | inUltraFastMode=0 | activeRowKey=
Timestamp: 48331843 | StartNewSelection: Reset State (After) | inUltraFastMode=0 | activeRowKey=
Timestamp: 48331843 | StartNewSelection: Setting currentState=GRID_VISIBLE (Before) | currentState=SUBGRID_ACTIVE
Timestamp: 48331843 | StartNewSelection: Set currentState=GRID_VISIBLE (After) | currentState=GRID_VISIBLE
Timestamp: 48331859 | HandleKey START | key=. | PhysicallyDown=DOWN | currentState=GRID_VISIBLE | firstKey= | activeRowKey= | inUltraFastMode=0
Timestamp: 48331859 | HandleKey: First Key Press | key=.
Timestamp: 48331859 | HandleKey FINALLY: Lock Released
Timestamp: 48331890 | ProcessKeyPress START | key=. | PhysicallyDown=DOWN | currentState=GRID_VISIBLE | rowKeyHeldTime=0 | activeRowKey=
Timestamp: 48331890 | HandleKey START | key=. | PhysicallyDown=DOWN | currentState=GRID_VISIBLE | firstKey=. | activeRowKey= | inUltraFastMode=0
Timestamp: 48331890 | Ignored rapid repeat: key=.
Timestamp: 48331890 | HandleKey FINALLY: Lock Released
Timestamp: 48331921 | ProcessKeyPress START | key=. | PhysicallyDown=DOWN | currentState=GRID_VISIBLE | rowKeyHeldTime=0 | activeRowKey=
Timestamp: 48331921 | HandleKey START | key=. | PhysicallyDown=DOWN | currentState=GRID_VISIBLE | firstKey=. | activeRowKey= | inUltraFastMode=0
Timestamp: 48331921 | HandleKey: Second Key Press | key=. | firstKey=.
Timestamp: 48331921 | Second Key Check: firstKeyWasCol=0 | firstKeyWasRow=1
Timestamp: 48331921 | Branch: Row -> Row (Change Row)
Timestamp: 48331921 | HandleKey FINALLY: Lock Released
Timestamp: 48331953 | ProcessKeyPress START | key=. | PhysicallyDown=DOWN | currentState=GRID_VISIBLE | rowKeyHeldTime=0 | activeRowKey=
Timestamp: 48331953 | HandleKey START | key=. | PhysicallyDown=DOWN | currentState=GRID_VISIBLE | firstKey=. | activeRowKey= | inUltraFastMode=0
Timestamp: 48331953 | Ignored rapid repeat: key=.
Timestamp: 48331953 | HandleKey FINALLY: Lock Released
Timestamp: 48331984 | TrackCursor START | currentState=GRID_VISIBLE | firstKey=. | activeRowKey= | inUltraFastMode=0
Timestamp: 48331984 | TrackCursor: Setting currentState=SUBGRID_ACTIVE (Mouse Move - Before)
Timestamp: 48331984 | TrackCursor: Set currentState=SUBGRID_ACTIVE (Mouse Move - After)
Timestamp: 48332000 | ProcessKeyPress START | key=. | PhysicallyDown=DOWN | currentState=SUBGRID_ACTIVE | rowKeyHeldTime=0 | activeRowKey=
Timestamp: 48332000 | StartNewSelection START | key=. | PhysicallyDown=DOWN | currentState=SUBGRID_ACTIVE | firstKey=. | activeRowKey= | activeRowKeyPhysicallyDown=UP | inUltraFastMode=0
Timestamp: 48332000 | StartNewSelection: Resetting State (Before) | activeCellKey=q. | activeSubCellKey= | firstKey=. | inUltraFastMode=0 | activeRowKey=
Timestamp: 48332000 | StartNewSelection: Reset State (After) | inUltraFastMode=0 | activeRowKey=
Timestamp: 48332000 | StartNewSelection: Setting currentState=GRID_VISIBLE (Before) | currentState=SUBGRID_ACTIVE
Timestamp: 48332000 | StartNewSelection: Set currentState=GRID_VISIBLE (After) | currentState=GRID_VISIBLE
Timestamp: 48332015 | HandleKey START | key=. | PhysicallyDown=DOWN | currentState=GRID_VISIBLE | firstKey= | activeRowKey= | inUltraFastMode=0
Timestamp: 48332015 | HandleKey: First Key Press | key=.
Timestamp: 48332015 | HandleKey FINALLY: Lock Released
Timestamp: 48332046 | ProcessKeyPress START | key=. | PhysicallyDown=DOWN | currentState=GRID_VISIBLE | rowKeyHeldTime=0 | activeRowKey=
Timestamp: 48332046 | HandleKey START | key=. | PhysicallyDown=DOWN | currentState=GRID_VISIBLE | firstKey=. | activeRowKey= | inUltraFastMode=0
Timestamp: 48332046 | Ignored rapid repeat: key=.
Timestamp: 48332046 | HandleKey FINALLY: Lock Released
Timestamp: 48332093 | ProcessKeyPress START | key=. | PhysicallyDown=DOWN | currentState=GRID_VISIBLE | rowKeyHeldTime=0 | activeRowKey=
Timestamp: 48332093 | HandleKey START | key=. | PhysicallyDown=DOWN | currentState=GRID_VISIBLE | firstKey=. | activeRowKey= | inUltraFastMode=0
Timestamp: 48332093 | HandleKey: Second Key Press | key=. | firstKey=.
Timestamp: 48332093 | Second Key Check: firstKeyWasCol=0 | firstKeyWasRow=1
Timestamp: 48332093 | Branch: Row -> Row (Change Row)
Timestamp: 48332093 | HandleKey FINALLY: Lock Released
Timestamp: 48332125 | ProcessKeyPress START | key=. | PhysicallyDown=DOWN | currentState=GRID_VISIBLE | rowKeyHeldTime=0 | activeRowKey=
Timestamp: 48332125 | HandleKey START | key=. | PhysicallyDown=DOWN | currentState=GRID_VISIBLE | firstKey=. | activeRowKey= | inUltraFastMode=0
Timestamp: 48332125 | Ignored rapid repeat: key=.
Timestamp: 48332125 | HandleKey FINALLY: Lock Released
Timestamp: 48332156 | TrackCursor START | currentState=GRID_VISIBLE | firstKey=. | activeRowKey= | inUltraFastMode=0
Timestamp: 48332156 | TrackCursor: Setting currentState=SUBGRID_ACTIVE (Mouse Move - Before)
Timestamp: 48332156 | TrackCursor: Set currentState=SUBGRID_ACTIVE (Mouse Move - After)
Timestamp: 48332171 | ProcessKeyPress START | key=. | PhysicallyDown=DOWN | currentState=SUBGRID_ACTIVE | rowKeyHeldTime=0 | activeRowKey=
Timestamp: 48332171 | StartNewSelection START | key=. | PhysicallyDown=DOWN | currentState=SUBGRID_ACTIVE | firstKey=. | activeRowKey= | activeRowKeyPhysicallyDown=UP | inUltraFastMode=0
Timestamp: 48332171 | StartNewSelection: Resetting State (Before) | activeCellKey=q. | activeSubCellKey= | firstKey=. | inUltraFastMode=0 | activeRowKey=
Timestamp: 48332171 | StartNewSelection: Reset State (After) | inUltraFastMode=0 | activeRowKey=
Timestamp: 48332171 | StartNewSelection: Setting currentState=GRID_VISIBLE (Before) | currentState=SUBGRID_ACTIVE
Timestamp: 48332171 | StartNewSelection: Set currentState=GRID_VISIBLE (After) | currentState=GRID_VISIBLE
Timestamp: 48332187 | HandleKey START | key=. | PhysicallyDown=DOWN | currentState=GRID_VISIBLE | firstKey= | activeRowKey= | inUltraFastMode=0
Timestamp: 48332187 | HandleKey: First Key Press | key=.
Timestamp: 48332187 | HandleKey FINALLY: Lock Released
Timestamp: 48332234 | ProcessKeyPress START | key=. | PhysicallyDown=DOWN | currentState=GRID_VISIBLE | rowKeyHeldTime=0 | activeRowKey=
Timestamp: 48332234 | HandleKey START | key=. | PhysicallyDown=DOWN | currentState=GRID_VISIBLE | firstKey=. | activeRowKey= | inUltraFastMode=0
Timestamp: 48332234 | Ignored rapid repeat: key=.
Timestamp: 48332234 | HandleKey FINALLY: Lock Released
Timestamp: 48332265 | ProcessKeyPress START | key=. | PhysicallyDown=DOWN | currentState=GRID_VISIBLE | rowKeyHeldTime=0 | activeRowKey=
Timestamp: 48332265 | HandleKey START | key=. | PhysicallyDown=DOWN | currentState=GRID_VISIBLE | firstKey=. | activeRowKey= | inUltraFastMode=0
Timestamp: 48332265 | HandleKey: Second Key Press | key=. | firstKey=.
Timestamp: 48332265 | Second Key Check: firstKeyWasCol=0 | firstKeyWasRow=1
Timestamp: 48332265 | Branch: Row -> Row (Change Row)
Timestamp: 48332265 | HandleKey FINALLY: Lock Released
Timestamp: 48332296 | ProcessKeyPress START | key=. | PhysicallyDown=DOWN | currentState=GRID_VISIBLE | rowKeyHeldTime=0 | activeRowKey=
Timestamp: 48332296 | HandleKey START | key=. | PhysicallyDown=DOWN | currentState=GRID_VISIBLE | firstKey=. | activeRowKey= | inUltraFastMode=0
Timestamp: 48332296 | Ignored rapid repeat: key=.
Timestamp: 48332296 | HandleKey FINALLY: Lock Released
Timestamp: 48332328 | TrackCursor START | currentState=GRID_VISIBLE | firstKey=. | activeRowKey= | inUltraFastMode=0
Timestamp: 48332328 | TrackCursor: Setting currentState=SUBGRID_ACTIVE (Mouse Move - Before)
Timestamp: 48332328 | TrackCursor: Set currentState=SUBGRID_ACTIVE (Mouse Move - After)
Timestamp: 48332343 | ProcessKeyPress START | key=. | PhysicallyDown=DOWN | currentState=SUBGRID_ACTIVE | rowKeyHeldTime=0 | activeRowKey=
Timestamp: 48332343 | StartNewSelection START | key=. | PhysicallyDown=DOWN | currentState=SUBGRID_ACTIVE | firstKey=. | activeRowKey= | activeRowKeyPhysicallyDown=UP | inUltraFastMode=0
Timestamp: 48332343 | StartNewSelection: Resetting State (Before) | activeCellKey=q. | activeSubCellKey= | firstKey=. | inUltraFastMode=0 | activeRowKey=
Timestamp: 48332343 | StartNewSelection: Reset State (After) | inUltraFastMode=0 | activeRowKey=
Timestamp: 48332343 | StartNewSelection: Setting currentState=GRID_VISIBLE (Before) | currentState=SUBGRID_ACTIVE
Timestamp: 48332343 | StartNewSelection: Set currentState=GRID_VISIBLE (After) | currentState=GRID_VISIBLE
Timestamp: 48332359 | HandleKey START | key=. | PhysicallyDown=DOWN | currentState=GRID_VISIBLE | firstKey= | activeRowKey= | inUltraFastMode=0
Timestamp: 48332359 | HandleKey: First Key Press | key=.
Timestamp: 48332359 | HandleKey FINALLY: Lock Released
Timestamp: 48332421 | ProcessKeyPress START | key=. | PhysicallyDown=DOWN | currentState=GRID_VISIBLE | rowKeyHeldTime=0 | activeRowKey=
Timestamp: 48332421 | HandleKey START | key=. | PhysicallyDown=DOWN | currentState=GRID_VISIBLE | firstKey=. | activeRowKey= | inUltraFastMode=0
Timestamp: 48332421 | HandleKey: Second Key Press | key=. | firstKey=.
Timestamp: 48332421 | Second Key Check: firstKeyWasCol=0 | firstKeyWasRow=1
Timestamp: 48332421 | Branch: Row -> Row (Change Row)
Timestamp: 48332421 | HandleKey FINALLY: Lock Released
Timestamp: 48332453 | ProcessKeyPress START | key=. | PhysicallyDown=DOWN | currentState=GRID_VISIBLE | rowKeyHeldTime=0 | activeRowKey=
Timestamp: 48332453 | HandleKey START | key=. | PhysicallyDown=DOWN | currentState=GRID_VISIBLE | firstKey=. | activeRowKey= | inUltraFastMode=0
Timestamp: 48332453 | Ignored rapid repeat: key=.
Timestamp: 48332453 | HandleKey FINALLY: Lock Released
Timestamp: 48332484 | TrackCursor START | currentState=GRID_VISIBLE | firstKey=. | activeRowKey= | inUltraFastMode=0
Timestamp: 48332484 | TrackCursor: Setting currentState=SUBGRID_ACTIVE (Mouse Move - Before)
Timestamp: 48332484 | TrackCursor: Set currentState=SUBGRID_ACTIVE (Mouse Move - After)
Timestamp: 48332500 | ProcessKeyPress START | key=. | PhysicallyDown=DOWN | currentState=SUBGRID_ACTIVE | rowKeyHeldTime=0 | activeRowKey=
Timestamp: 48332500 | StartNewSelection START | key=. | PhysicallyDown=DOWN | currentState=SUBGRID_ACTIVE | firstKey=. | activeRowKey= | activeRowKeyPhysicallyDown=UP | inUltraFastMode=0
Timestamp: 48332500 | StartNewSelection: Resetting State (Before) | activeCellKey=q. | activeSubCellKey= | firstKey=. | inUltraFastMode=0 | activeRowKey=
Timestamp: 48332500 | StartNewSelection: Reset State (After) | inUltraFastMode=0 | activeRowKey=
Timestamp: 48332500 | StartNewSelection: Setting currentState=GRID_VISIBLE (Before) | currentState=SUBGRID_ACTIVE
Timestamp: 48332500 | StartNewSelection: Set currentState=GRID_VISIBLE (After) | currentState=GRID_VISIBLE
Timestamp: 48332515 | HandleKey START | key=. | PhysicallyDown=DOWN | currentState=GRID_VISIBLE | firstKey= | activeRowKey= | inUltraFastMode=0
Timestamp: 48332515 | HandleKey: First Key Press | key=.
Timestamp: 48332515 | HandleKey FINALLY: Lock Released
Timestamp: 48332562 | ProcessKeyPress START | key=. | PhysicallyDown=DOWN | currentState=GRID_VISIBLE | rowKeyHeldTime=0 | activeRowKey=
Timestamp: 48332562 | HandleKey START | key=. | PhysicallyDown=DOWN | currentState=GRID_VISIBLE | firstKey=. | activeRowKey= | inUltraFastMode=0
Timestamp: 48332562 | Ignored rapid repeat: key=.
Timestamp: 48332562 | HandleKey FINALLY: Lock Released
Timestamp: 48332593 | ProcessKeyPress START | key=. | PhysicallyDown=DOWN | currentState=GRID_VISIBLE | rowKeyHeldTime=0 | activeRowKey=
Timestamp: 48332593 | HandleKey START | key=. | PhysicallyDown=DOWN | currentState=GRID_VISIBLE | firstKey=. | activeRowKey= | inUltraFastMode=0
Timestamp: 48332593 | HandleKey: Second Key Press | key=. | firstKey=.
Timestamp: 48332593 | Second Key Check: firstKeyWasCol=0 | firstKeyWasRow=1
Timestamp: 48332593 | Branch: Row -> Row (Change Row)
Timestamp: 48332593 | HandleKey FINALLY: Lock Released
Timestamp: 48332625 | ProcessKeyPress START | key=. | PhysicallyDown=DOWN | currentState=GRID_VISIBLE | rowKeyHeldTime=0 | activeRowKey=
Timestamp: 48332625 | HandleKey START | key=. | PhysicallyDown=DOWN | currentState=GRID_VISIBLE | firstKey=. | activeRowKey= | inUltraFastMode=0
Timestamp: 48332625 | Ignored rapid repeat: key=.
Timestamp: 48332625 | HandleKey FINALLY: Lock Released
Timestamp: 48332656 | TrackCursor START | currentState=GRID_VISIBLE | firstKey=. | activeRowKey= | inUltraFastMode=0
Timestamp: 48332656 | TrackCursor: Setting currentState=SUBGRID_ACTIVE (Mouse Move - Before)
Timestamp: 48332656 | TrackCursor: Set currentState=SUBGRID_ACTIVE (Mouse Move - After)
Timestamp: 48332671 | ProcessKeyPress START | key=. | PhysicallyDown=DOWN | currentState=SUBGRID_ACTIVE | rowKeyHeldTime=0 | activeRowKey=
Timestamp: 48332671 | StartNewSelection START | key=. | PhysicallyDown=DOWN | currentState=SUBGRID_ACTIVE | firstKey=. | activeRowKey= | activeRowKeyPhysicallyDown=UP | inUltraFastMode=0
Timestamp: 48332671 | StartNewSelection: Resetting State (Before) | activeCellKey=q. | activeSubCellKey= | firstKey=. | inUltraFastMode=0 | activeRowKey=
Timestamp: 48332671 | StartNewSelection: Reset State (After) | inUltraFastMode=0 | activeRowKey=
Timestamp: 48332671 | StartNewSelection: Setting currentState=GRID_VISIBLE (Before) | currentState=SUBGRID_ACTIVE
Timestamp: 48332671 | StartNewSelection: Set currentState=GRID_VISIBLE (After) | currentState=GRID_VISIBLE
Timestamp: 48332687 | HandleKey START | key=. | PhysicallyDown=DOWN | currentState=GRID_VISIBLE | firstKey= | activeRowKey= | inUltraFastMode=0
Timestamp: 48332687 | HandleKey: First Key Press | key=.
Timestamp: 48332687 | HandleKey FINALLY: Lock Released
Timestamp: 48332718 | ProcessKeyPress START | key=. | PhysicallyDown=DOWN | currentState=GRID_VISIBLE | rowKeyHeldTime=0 | activeRowKey=
Timestamp: 48332718 | HandleKey START | key=. | PhysicallyDown=DOWN | currentState=GRID_VISIBLE | firstKey=. | activeRowKey= | inUltraFastMode=0
Timestamp: 48332718 | Ignored rapid repeat: key=.
Timestamp: 48332718 | HandleKey FINALLY: Lock Released
Timestamp: 48332750 | ProcessKeyPress START | key=. | PhysicallyDown=DOWN | currentState=GRID_VISIBLE | rowKeyHeldTime=0 | activeRowKey=
Timestamp: 48332750 | HandleKey START | key=. | PhysicallyDown=DOWN | currentState=GRID_VISIBLE | firstKey=. | activeRowKey= | inUltraFastMode=0
Timestamp: 48332750 | HandleKey: Second Key Press | key=. | firstKey=.
Timestamp: 48332750 | Second Key Check: firstKeyWasCol=0 | firstKeyWasRow=1
Timestamp: 48332750 | Branch: Row -> Row (Change Row)
Timestamp: 48332750 | HandleKey FINALLY: Lock Released
Timestamp: 48332781 | ProcessKeyPress START | key=. | PhysicallyDown=DOWN | currentState=GRID_VISIBLE | rowKeyHeldTime=0 | activeRowKey=
Timestamp: 48332781 | HandleKey START | key=. | PhysicallyDown=DOWN | currentState=GRID_VISIBLE | firstKey=. | activeRowKey= | inUltraFastMode=0
Timestamp: 48332781 | Ignored rapid repeat: key=.
Timestamp: 48332781 | HandleKey FINALLY: Lock Released
Timestamp: 48332812 | TrackCursor START | currentState=GRID_VISIBLE | firstKey=. | activeRowKey= | inUltraFastMode=0
Timestamp: 48332812 | TrackCursor: Setting currentState=SUBGRID_ACTIVE (Mouse Move - Before)
Timestamp: 48332812 | TrackCursor: Set currentState=SUBGRID_ACTIVE (Mouse Move - After)
Timestamp: 48332828 | ProcessKeyPress START | key=. | PhysicallyDown=DOWN | currentState=SUBGRID_ACTIVE | rowKeyHeldTime=0 | activeRowKey=
Timestamp: 48332828 | StartNewSelection START | key=. | PhysicallyDown=DOWN | currentState=SUBGRID_ACTIVE | firstKey=. | activeRowKey= | activeRowKeyPhysicallyDown=UP | inUltraFastMode=0
Timestamp: 48332828 | StartNewSelection: Resetting State (Before) | activeCellKey=q. | activeSubCellKey= | firstKey=. | inUltraFastMode=0 | activeRowKey=
Timestamp: 48332828 | StartNewSelection: Reset State (After) | inUltraFastMode=0 | activeRowKey=
Timestamp: 48332828 | StartNewSelection: Setting currentState=GRID_VISIBLE (Before) | currentState=SUBGRID_ACTIVE
Timestamp: 48332828 | StartNewSelection: Set currentState=GRID_VISIBLE (After) | currentState=GRID_VISIBLE
Timestamp: 48332843 | HandleKey START | key=. | PhysicallyDown=DOWN | currentState=GRID_VISIBLE | firstKey= | activeRowKey= | inUltraFastMode=0
Timestamp: 48332843 | HandleKey: First Key Press | key=.
Timestamp: 48332843 | HandleKey FINALLY: Lock Released
Timestamp: 48332875 | ProcessKeyPress START | key=. | PhysicallyDown=DOWN | currentState=GRID_VISIBLE | rowKeyHeldTime=0 | activeRowKey=
Timestamp: 48332875 | HandleKey START | key=. | PhysicallyDown=DOWN | currentState=GRID_VISIBLE | firstKey=. | activeRowKey= | inUltraFastMode=0
Timestamp: 48332875 | Ignored rapid repeat: key=.
Timestamp: 48332875 | HandleKey FINALLY: Lock Released
Timestamp: 48332921 | ProcessKeyPress START | key=. | PhysicallyDown=DOWN | currentState=GRID_VISIBLE | rowKeyHeldTime=0 | activeRowKey=
Timestamp: 48332921 | HandleKey START | key=. | PhysicallyDown=DOWN | currentState=GRID_VISIBLE | firstKey=. | activeRowKey= | inUltraFastMode=0
Timestamp: 48332921 | HandleKey: Second Key Press | key=. | firstKey=.
Timestamp: 48332921 | Second Key Check: firstKeyWasCol=0 | firstKeyWasRow=1
Timestamp: 48332921 | Branch: Row -> Row (Change Row)
Timestamp: 48332921 | HandleKey FINALLY: Lock Released
Timestamp: 48332953 | ProcessKeyPress START | key=. | PhysicallyDown=DOWN | currentState=GRID_VISIBLE | rowKeyHeldTime=0 | activeRowKey=
Timestamp: 48332953 | HandleKey START | key=. | PhysicallyDown=DOWN | currentState=GRID_VISIBLE | firstKey=. | activeRowKey= | inUltraFastMode=0
Timestamp: 48332953 | Ignored rapid repeat: key=.
Timestamp: 48332953 | HandleKey FINALLY: Lock Released
Timestamp: 48332984 | TrackCursor START | currentState=GRID_VISIBLE | firstKey=. | activeRowKey= | inUltraFastMode=0
Timestamp: 48332984 | TrackCursor: Setting currentState=SUBGRID_ACTIVE (Mouse Move - Before)
Timestamp: 48332984 | TrackCursor: Set currentState=SUBGRID_ACTIVE (Mouse Move - After)
Timestamp: 48333000 | ProcessKeyPress START | key=. | PhysicallyDown=DOWN | currentState=SUBGRID_ACTIVE | rowKeyHeldTime=0 | activeRowKey=
Timestamp: 48333000 | StartNewSelection START | key=. | PhysicallyDown=DOWN | currentState=SUBGRID_ACTIVE | firstKey=. | activeRowKey= | activeRowKeyPhysicallyDown=UP | inUltraFastMode=0
Timestamp: 48333000 | StartNewSelection: Resetting State (Before) | activeCellKey=q. | activeSubCellKey= | firstKey=. | inUltraFastMode=0 | activeRowKey=
Timestamp: 48333000 | StartNewSelection: Reset State (After) | inUltraFastMode=0 | activeRowKey=
Timestamp: 48333000 | StartNewSelection: Setting currentState=GRID_VISIBLE (Before) | currentState=SUBGRID_ACTIVE
Timestamp: 48333000 | StartNewSelection: Set currentState=GRID_VISIBLE (After) | currentState=GRID_VISIBLE
Timestamp: 48333015 | HandleKey START | key=. | PhysicallyDown=DOWN | currentState=GRID_VISIBLE | firstKey= | activeRowKey= | inUltraFastMode=0
Timestamp: 48333015 | HandleKey: First Key Press | key=.
Timestamp: 48333015 | HandleKey FINALLY: Lock Released
Timestamp: 48333046 | ProcessKeyPress START | key=. | PhysicallyDown=DOWN | currentState=GRID_VISIBLE | rowKeyHeldTime=0 | activeRowKey=
Timestamp: 48333046 | HandleKey START | key=. | PhysicallyDown=DOWN | currentState=GRID_VISIBLE | firstKey=. | activeRowKey= | inUltraFastMode=0
Timestamp: 48333046 | Ignored rapid repeat: key=.
Timestamp: 48333046 | HandleKey FINALLY: Lock Released
Timestamp: 48333078 | ProcessKeyPress START | key=. | PhysicallyDown=DOWN | currentState=GRID_VISIBLE | rowKeyHeldTime=0 | activeRowKey=
Timestamp: 48333078 | HandleKey START | key=. | PhysicallyDown=DOWN | currentState=GRID_VISIBLE | firstKey=. | activeRowKey= | inUltraFastMode=0
Timestamp: 48333078 | HandleKey: Second Key Press | key=. | firstKey=.
Timestamp: 48333078 | Second Key Check: firstKeyWasCol=0 | firstKeyWasRow=1
Timestamp: 48333078 | Branch: Row -> Row (Change Row)
Timestamp: 48333078 | HandleKey FINALLY: Lock Released
Timestamp: 48333109 | ProcessKeyPress START | key=. | PhysicallyDown=DOWN | currentState=GRID_VISIBLE | rowKeyHeldTime=0 | activeRowKey=
Timestamp: 48333109 | HandleKey START | key=. | PhysicallyDown=DOWN | currentState=GRID_VISIBLE | firstKey=. | activeRowKey= | inUltraFastMode=0
Timestamp: 48333109 | Ignored rapid repeat: key=.
Timestamp: 48333109 | HandleKey FINALLY: Lock Released
Timestamp: 48333140 | TrackCursor START | currentState=GRID_VISIBLE | firstKey=. | activeRowKey= | inUltraFastMode=0
Timestamp: 48333140 | TrackCursor: Setting currentState=SUBGRID_ACTIVE (Mouse Move - Before)
Timestamp: 48333140 | TrackCursor: Set currentState=SUBGRID_ACTIVE (Mouse Move - After)
Timestamp: 48333156 | ProcessKeyPress START | key=. | PhysicallyDown=DOWN | currentState=SUBGRID_ACTIVE | rowKeyHeldTime=0 | activeRowKey=
Timestamp: 48333156 | StartNewSelection START | key=. | PhysicallyDown=DOWN | currentState=SUBGRID_ACTIVE | firstKey=. | activeRowKey= | activeRowKeyPhysicallyDown=UP | inUltraFastMode=0
Timestamp: 48333156 | StartNewSelection: Resetting State (Before) | activeCellKey=q. | activeSubCellKey= | firstKey=. | inUltraFastMode=0 | activeRowKey=
Timestamp: 48333156 | StartNewSelection: Reset State (After) | inUltraFastMode=0 | activeRowKey=
Timestamp: 48333156 | StartNewSelection: Setting currentState=GRID_VISIBLE (Before) | currentState=SUBGRID_ACTIVE
Timestamp: 48333156 | StartNewSelection: Set currentState=GRID_VISIBLE (After) | currentState=GRID_VISIBLE
Timestamp: 48333171 | HandleKey START | key=. | PhysicallyDown=DOWN | currentState=GRID_VISIBLE | firstKey= | activeRowKey= | inUltraFastMode=0
Timestamp: 48333171 | HandleKey: First Key Press | key=.
Timestamp: 48333171 | HandleKey FINALLY: Lock Released
Timestamp: 48333218 | ProcessKeyPress START | key=. | PhysicallyDown=DOWN | currentState=GRID_VISIBLE | rowKeyHeldTime=0 | activeRowKey=
Timestamp: 48333218 | HandleKey START | key=. | PhysicallyDown=DOWN | currentState=GRID_VISIBLE | firstKey=. | activeRowKey= | inUltraFastMode=0
Timestamp: 48333218 | Ignored rapid repeat: key=.
Timestamp: 48333218 | HandleKey FINALLY: Lock Released
Timestamp: 48333250 | ProcessKeyPress START | key=. | PhysicallyDown=DOWN | currentState=GRID_VISIBLE | rowKeyHeldTime=0 | activeRowKey=
Timestamp: 48333250 | HandleKey START | key=. | PhysicallyDown=DOWN | currentState=GRID_VISIBLE | firstKey=. | activeRowKey= | inUltraFastMode=0
Timestamp: 48333250 | HandleKey: Second Key Press | key=. | firstKey=.
Timestamp: 48333250 | Second Key Check: firstKeyWasCol=0 | firstKeyWasRow=1
Timestamp: 48333250 | Branch: Row -> Row (Change Row)
Timestamp: 48333250 | HandleKey FINALLY: Lock Released
Timestamp: 48333281 | ProcessKeyPress START | key=. | PhysicallyDown=DOWN | currentState=GRID_VISIBLE | rowKeyHeldTime=0 | activeRowKey=
Timestamp: 48333281 | HandleKey START | key=. | PhysicallyDown=DOWN | currentState=GRID_VISIBLE | firstKey=. | activeRowKey= | inUltraFastMode=0
Timestamp: 48333281 | Ignored rapid repeat: key=.
Timestamp: 48333281 | HandleKey FINALLY: Lock Released
Timestamp: 48333312 | TrackCursor START | currentState=GRID_VISIBLE | firstKey=. | activeRowKey= | inUltraFastMode=0
Timestamp: 48333312 | TrackCursor: Setting currentState=SUBGRID_ACTIVE (Mouse Move - Before)
Timestamp: 48333312 | TrackCursor: Set currentState=SUBGRID_ACTIVE (Mouse Move - After)
Timestamp: 48333328 | ProcessKeyPress START | key=. | PhysicallyDown=DOWN | currentState=SUBGRID_ACTIVE | rowKeyHeldTime=0 | activeRowKey=
Timestamp: 48333328 | StartNewSelection START | key=. | PhysicallyDown=DOWN | currentState=SUBGRID_ACTIVE | firstKey=. | activeRowKey= | activeRowKeyPhysicallyDown=UP | inUltraFastMode=0
Timestamp: 48333328 | StartNewSelection: Resetting State (Before) | activeCellKey=q. | activeSubCellKey= | firstKey=. | inUltraFastMode=0 | activeRowKey=
Timestamp: 48333328 | StartNewSelection: Reset State (After) | inUltraFastMode=0 | activeRowKey=
Timestamp: 48333328 | StartNewSelection: Setting currentState=GRID_VISIBLE (Before) | currentState=SUBGRID_ACTIVE
Timestamp: 48333328 | StartNewSelection: Set currentState=GRID_VISIBLE (After) | currentState=GRID_VISIBLE
Timestamp: 48333343 | HandleKey START | key=. | PhysicallyDown=DOWN | currentState=GRID_VISIBLE | firstKey= | activeRowKey= | inUltraFastMode=0
Timestamp: 48333343 | HandleKey: First Key Press | key=.
Timestamp: 48333343 | HandleKey FINALLY: Lock Released
Timestamp: 48333375 | ProcessKeyPress START | key=. | PhysicallyDown=DOWN | currentState=GRID_VISIBLE | rowKeyHeldTime=0 | activeRowKey=
Timestamp: 48333375 | HandleKey START | key=. | PhysicallyDown=DOWN | currentState=GRID_VISIBLE | firstKey=. | activeRowKey= | inUltraFastMode=0
Timestamp: 48333375 | Ignored rapid repeat: key=.
Timestamp: 48333375 | HandleKey FINALLY: Lock Released
Timestamp: 48333421 | ProcessKeyPress START | key=. | PhysicallyDown=DOWN | currentState=GRID_VISIBLE | rowKeyHeldTime=0 | activeRowKey=
Timestamp: 48333421 | HandleKey START | key=. | PhysicallyDown=DOWN | currentState=GRID_VISIBLE | firstKey=. | activeRowKey= | inUltraFastMode=0
Timestamp: 48333421 | HandleKey: Second Key Press | key=. | firstKey=.
Timestamp: 48333421 | Second Key Check: firstKeyWasCol=0 | firstKeyWasRow=1
Timestamp: 48333421 | Branch: Row -> Row (Change Row)
Timestamp: 48333421 | HandleKey FINALLY: Lock Released
Timestamp: 48333453 | ProcessKeyPress START | key=. | PhysicallyDown=DOWN | currentState=GRID_VISIBLE | rowKeyHeldTime=0 | activeRowKey=
Timestamp: 48333453 | HandleKey START | key=. | PhysicallyDown=DOWN | currentState=GRID_VISIBLE | firstKey=. | activeRowKey= | inUltraFastMode=0
Timestamp: 48333453 | Ignored rapid repeat: key=.
Timestamp: 48333453 | HandleKey FINALLY: Lock Released
Timestamp: 48333484 | TrackCursor START | currentState=GRID_VISIBLE | firstKey=. | activeRowKey= | inUltraFastMode=0
Timestamp: 48333484 | TrackCursor: Setting currentState=SUBGRID_ACTIVE (Mouse Move - Before)
Timestamp: 48333484 | TrackCursor: Set currentState=SUBGRID_ACTIVE (Mouse Move - After)
Timestamp: 48333484 | ProcessKeyPress START | key=. | PhysicallyDown=DOWN | currentState=SUBGRID_ACTIVE | rowKeyHeldTime=0 | activeRowKey=
Timestamp: 48333484 | StartNewSelection START | key=. | PhysicallyDown=DOWN | currentState=SUBGRID_ACTIVE | firstKey=. | activeRowKey= | activeRowKeyPhysicallyDown=UP | inUltraFastMode=0
Timestamp: 48333484 | StartNewSelection: Resetting State (Before) | activeCellKey=q. | activeSubCellKey= | firstKey=. | inUltraFastMode=0 | activeRowKey=
Timestamp: 48333484 | StartNewSelection: Reset State (After) | inUltraFastMode=0 | activeRowKey=
Timestamp: 48333484 | StartNewSelection: Setting currentState=GRID_VISIBLE (Before) | currentState=SUBGRID_ACTIVE
Timestamp: 48333484 | StartNewSelection: Set currentState=GRID_VISIBLE (After) | currentState=GRID_VISIBLE
Timestamp: 48333500 | HandleKey START | key=. | PhysicallyDown=DOWN | currentState=GRID_VISIBLE | firstKey= | activeRowKey= | inUltraFastMode=0
Timestamp: 48333500 | HandleKey: First Key Press | key=.
Timestamp: 48333500 | HandleKey FINALLY: Lock Released
Timestamp: 48333546 | ProcessKeyPress START | key=. | PhysicallyDown=DOWN | currentState=GRID_VISIBLE | rowKeyHeldTime=0 | activeRowKey=
Timestamp: 48333546 | HandleKey START | key=. | PhysicallyDown=DOWN | currentState=GRID_VISIBLE | firstKey=. | activeRowKey= | inUltraFastMode=0
Timestamp: 48333546 | Ignored rapid repeat: key=.
Timestamp: 48333546 | HandleKey FINALLY: Lock Released
Timestamp: 48333578 | ProcessKeyPress START | key=. | PhysicallyDown=DOWN | currentState=GRID_VISIBLE | rowKeyHeldTime=0 | activeRowKey=
Timestamp: 48333578 | HandleKey START | key=. | PhysicallyDown=DOWN | currentState=GRID_VISIBLE | firstKey=. | activeRowKey= | inUltraFastMode=0
Timestamp: 48333578 | HandleKey: Second Key Press | key=. | firstKey=.
Timestamp: 48333578 | Second Key Check: firstKeyWasCol=0 | firstKeyWasRow=1
Timestamp: 48333578 | Branch: Row -> Row (Change Row)
Timestamp: 48333578 | HandleKey FINALLY: Lock Released
Timestamp: 48333640 | TrackCursor START | currentState=GRID_VISIBLE | firstKey=. | activeRowKey= | inUltraFastMode=0
Timestamp: 48333640 | TrackCursor: Setting currentState=SUBGRID_ACTIVE (Mouse Move - Before)
Timestamp: 48333640 | TrackCursor: Set currentState=SUBGRID_ACTIVE (Mouse Move - After)
Timestamp: 48333703 | TrackCursor START | currentState=SUBGRID_ACTIVE | firstKey=. | activeRowKey= | inUltraFastMode=0
Timestamp: 48333765 | TrackCursor START | currentState=SUBGRID_ACTIVE | firstKey=. | activeRowKey= | inUltraFastMode=0
Timestamp: 48333828 | TrackCursor START | currentState=SUBGRID_ACTIVE | firstKey=. | activeRowKey= | inUltraFastMode=0
Timestamp: 48333890 | TrackCursor START | currentState=SUBGRID_ACTIVE | firstKey=. | activeRowKey= | inUltraFastMode=0
Timestamp: 48333937 | Cleanup START | currentState=SUBGRID_ACTIVE
Timestamp: 48333937 | Cleanup: Setting currentState=IDLE (Before) | currentState=SUBGRID_ACTIVE
Timestamp: 48333937 | Cleanup: Resetting State (Before) | firstKey=. | inUltraFastMode=0 | activeRowKey=
Timestamp: 48333937 | Cleanup: Reset State (After) | firstKey= | inUltraFastMode=0 | activeRowKey=
Timestamp: 48538203 | CapsLock_Q START | currentState=IDLE
Timestamp: 48538203 | CapsLock_Q: Resetting State (Before) | firstKey= | inUltraFastMode=0 | activeRowKey=
Timestamp: 48538203 | CapsLock_Q: Reset State (After) | firstKey= | inUltraFastMode=0 | activeRowKey=
Timestamp: 48540031 | CapsLock_Q: Setting currentState=GRID_VISIBLE (Before) | currentState=IDLE
Timestamp: 48540031 | CapsLock_Q: Set currentState=GRID_VISIBLE (After) | currentState=GRID_VISIBLE
Timestamp: 48540093 | TrackCursor START | currentState=GRID_VISIBLE | firstKey= | activeRowKey= | inUltraFastMode=0
Timestamp: 48540109 | TrackCursor: Setting currentState=SUBGRID_ACTIVE (Mouse Move, no firstKey - Before)
Timestamp: 48540109 | TrackCursor: Set currentState=SUBGRID_ACTIVE (Mouse Move, no firstKey - After)
Timestamp: 48540156 | TrackCursor START | currentState=SUBGRID_ACTIVE | firstKey= | activeRowKey= | inUltraFastMode=0
Timestamp: 48540218 | TrackCursor START | currentState=SUBGRID_ACTIVE | firstKey= | activeRowKey= | inUltraFastMode=0
Timestamp: 48540281 | TrackCursor START | currentState=SUBGRID_ACTIVE | firstKey= | activeRowKey= | inUltraFastMode=0
Timestamp: 48540343 | TrackCursor START | currentState=SUBGRID_ACTIVE | firstKey= | activeRowKey= | inUltraFastMode=0
Timestamp: 48540406 | TrackCursor START | currentState=SUBGRID_ACTIVE | firstKey= | activeRowKey= | inUltraFastMode=0
Timestamp: 48540468 | TrackCursor START | currentState=SUBGRID_ACTIVE | firstKey= | activeRowKey= | inUltraFastMode=0
Timestamp: 48540531 | TrackCursor START | currentState=SUBGRID_ACTIVE | firstKey= | activeRowKey= | inUltraFastMode=0
Timestamp: 48540593 | TrackCursor START | currentState=SUBGRID_ACTIVE | firstKey= | activeRowKey= | inUltraFastMode=0
Timestamp: 48540656 | TrackCursor START | currentState=SUBGRID_ACTIVE | firstKey= | activeRowKey= | inUltraFastMode=0
Timestamp: 48540718 | TrackCursor START | currentState=SUBGRID_ACTIVE | firstKey= | activeRowKey= | inUltraFastMode=0
Timestamp: 48540781 | TrackCursor START | currentState=SUBGRID_ACTIVE | firstKey= | activeRowKey= | inUltraFastMode=0
Timestamp: 48540843 | TrackCursor START | currentState=SUBGRID_ACTIVE | firstKey= | activeRowKey= | inUltraFastMode=0
Timestamp: 48540906 | TrackCursor START | currentState=SUBGRID_ACTIVE | firstKey= | activeRowKey= | inUltraFastMode=0
Timestamp: 48540968 | TrackCursor START | currentState=SUBGRID_ACTIVE | firstKey= | activeRowKey= | inUltraFastMode=0
Timestamp: 48541031 | TrackCursor START | currentState=SUBGRID_ACTIVE | firstKey= | activeRowKey= | inUltraFastMode=0
Timestamp: 48541093 | TrackCursor START | currentState=SUBGRID_ACTIVE | firstKey= | activeRowKey= | inUltraFastMode=0
Timestamp: 48541156 | TrackCursor START | currentState=SUBGRID_ACTIVE | firstKey= | activeRowKey= | inUltraFastMode=0
Timestamp: 48541203 | ProcessKeyPress START | key=d | PhysicallyDown=DOWN | currentState=SUBGRID_ACTIVE | rowKeyHeldTime=0 | activeRowKey=
Timestamp: 48541203 | StartNewSelection START | key=d | PhysicallyDown=DOWN | currentState=SUBGRID_ACTIVE | firstKey= | activeRowKey= | activeRowKeyPhysicallyDown=UP | inUltraFastMode=0
Timestamp: 48541203 | StartNewSelection: Resetting State (Before) | activeCellKey=s; | activeSubCellKey= | firstKey= | inUltraFastMode=0 | activeRowKey=
Timestamp: 48541203 | StartNewSelection: Reset State (After) | inUltraFastMode=0 | activeRowKey=
Timestamp: 48541203 | StartNewSelection: Setting currentState=GRID_VISIBLE (Before) | currentState=SUBGRID_ACTIVE
Timestamp: 48541203 | StartNewSelection: Set currentState=GRID_VISIBLE (After) | currentState=GRID_VISIBLE
Timestamp: 48541218 | HandleKey START | key=d | PhysicallyDown=DOWN | currentState=GRID_VISIBLE | firstKey= | activeRowKey= | inUltraFastMode=0
Timestamp: 48541218 | HandleKey: First Key Press | key=d
Timestamp: 48541218 | HandleKey FINALLY: Lock Released
Timestamp: 48541312 | TrackCursor START | currentState=GRID_VISIBLE | firstKey=d | activeRowKey= | inUltraFastMode=0
Timestamp: 48541312 | ProcessKeyPress START | key=; | PhysicallyDown=DOWN | currentState=GRID_VISIBLE | rowKeyHeldTime=0 | activeRowKey=
Timestamp: 48541312 | HandleKey START | key=; | PhysicallyDown=DOWN | currentState=GRID_VISIBLE | firstKey=d | activeRowKey= | inUltraFastMode=0
Timestamp: 48541312 | HandleKey: Second Key Press | key=; | firstKey=d
Timestamp: 48541312 | Second Key Check: firstKeyWasCol=1 | firstKeyWasRow=0
Timestamp: 48541312 | Branch: Col -> Row
Timestamp: 48541312 | Row key ';' physical state: DOWN
Timestamp: 48541312 | HandleKey: Proceeding to Subgrid | cellKey=d;
Timestamp: 48541312 | HandleKey: Setting currentState=SUBGRID_ACTIVE (Before)
Timestamp: 48541312 | HandleKey: Set currentState=SUBGRID_ACTIVE (After) | activeCellKey=d;
Timestamp: 48541312 | HandleKey: Setting UltraFast Vars | key=; | currentTime=48541312 | PhysicallyDown=1
Timestamp: 48541312 | HandleKey: Set UltraFast Vars | activeRowKey=; | rowKeyHeldTime=48541312
Timestamp: 48541312 | HandleKey: Clearing firstKey (Before) | firstKey=d
Timestamp: 48541312 | HandleKey: Cleared firstKey (After) | firstKey=
Timestamp: 48541312 | HandleKey FINALLY: Lock Released
Timestamp: 48541890 | ProcessKeyPress START | key=; | PhysicallyDown=DOWN | currentState=SUBGRID_ACTIVE | rowKeyHeldTime=48541312 | activeRowKey=;
Timestamp: 48541890 | ProcessKeyPress: Ignoring repeat of active row key | key=; | PhysicallyDown=DOWN
Timestamp: 48541921 | ProcessKeyPress START | key=; | PhysicallyDown=DOWN | currentState=SUBGRID_ACTIVE | rowKeyHeldTime=48541312 | activeRowKey=;
Timestamp: 48541921 | ProcessKeyPress: Ignoring repeat of active row key | key=; | PhysicallyDown=DOWN
Timestamp: 48541937 | TrackCursor START | currentState=SUBGRID_ACTIVE | firstKey= | activeRowKey=; | inUltraFastMode=0
Timestamp: 48541937 | TrackCursor Check: CurrentTick=48541937, HeldTimeStart=48541312, CalculatedHeldTime=625, Threshold=150, ActiveRowKey=;, PhysicallyDown=1, State=SUBGRID_ACTIVE
Timestamp: 48541937 | TrackCursor: Hold Threshold Met! (625 >= 150), Key is physically down
Timestamp: 48541968 | ProcessKeyPress START | key=; | PhysicallyDown=DOWN | currentState=SUBGRID_ACTIVE | rowKeyHeldTime=48541312 | activeRowKey=;
Timestamp: 48541968 | ProcessKeyPress: Ignoring repeat of active row key | key=; | PhysicallyDown=DOWN
Timestamp: 48541984 | ProcessKeyPress START | key=; | PhysicallyDown=DOWN | currentState=SUBGRID_ACTIVE | rowKeyHeldTime=48541312 | activeRowKey=;
Timestamp: 48541984 | ProcessKeyPress: Ignoring repeat of active row key | key=; | PhysicallyDown=DOWN
Timestamp: 48542015 | ProcessKeyPress START | key=; | PhysicallyDown=DOWN | currentState=SUBGRID_ACTIVE | rowKeyHeldTime=48541312 | activeRowKey=;
Timestamp: 48542015 | ProcessKeyPress: Ignoring repeat of active row key | key=; | PhysicallyDown=DOWN
Timestamp: 48542046 | ProcessKeyPress START | key=; | PhysicallyDown=DOWN | currentState=SUBGRID_ACTIVE | rowKeyHeldTime=48541312 | activeRowKey=;
Timestamp: 48542046 | ProcessKeyPress: Ignoring repeat of active row key | key=; | PhysicallyDown=DOWN
Timestamp: 48542093 | ProcessKeyPress START | key=; | PhysicallyDown=DOWN | currentState=SUBGRID_ACTIVE | rowKeyHeldTime=48541312 | activeRowKey=;
Timestamp: 48542093 | ProcessKeyPress: Ignoring repeat of active row key | key=; | PhysicallyDown=DOWN
Timestamp: 48542109 | ProcessKeyPress START | key=; | PhysicallyDown=DOWN | currentState=SUBGRID_ACTIVE | rowKeyHeldTime=48541312 | activeRowKey=;
Timestamp: 48542109 | ProcessKeyPress: Ignoring repeat of active row key | key=; | PhysicallyDown=DOWN
Timestamp: 48542140 | ProcessKeyPress START | key=; | PhysicallyDown=DOWN | currentState=SUBGRID_ACTIVE | rowKeyHeldTime=48541312 | activeRowKey=;
Timestamp: 48542140 | ProcessKeyPress: Ignoring repeat of active row key | key=; | PhysicallyDown=DOWN
Timestamp: 48542171 | ProcessKeyPress START | key=; | PhysicallyDown=DOWN | currentState=SUBGRID_ACTIVE | rowKeyHeldTime=48541312 | activeRowKey=;
Timestamp: 48542171 | ProcessKeyPress: Ignoring repeat of active row key | key=; | PhysicallyDown=DOWN
Timestamp: 48542203 | ProcessKeyPress START | key=; | PhysicallyDown=DOWN | currentState=SUBGRID_ACTIVE | rowKeyHeldTime=48541312 | activeRowKey=;
Timestamp: 48542203 | ProcessKeyPress: Ignoring repeat of active row key | key=; | PhysicallyDown=DOWN
Timestamp: 48542234 | TrackCursor: Setting inUltraFastMode=true (Before)
Timestamp: 48542234 | TrackCursor: Set inUltraFastMode=true (After)
Timestamp: 48542234 | ProcessKeyPress START | key=; | PhysicallyDown=DOWN | currentState=SUBGRID_ACTIVE | rowKeyHeldTime=48541312 | activeRowKey=;
Timestamp: 48542234 | ProcessKeyPress: Ignoring repeat of active row key | key=; | PhysicallyDown=DOWN
Timestamp: 48542281 | ProcessKeyPress START | key=; | PhysicallyDown=DOWN | currentState=SUBGRID_ACTIVE | rowKeyHeldTime=48541312 | activeRowKey=;
Timestamp: 48542281 | ProcessKeyPress: Ignoring repeat of active row key | key=; | PhysicallyDown=DOWN
Timestamp: 48542312 | ProcessKeyPress START | key=; | PhysicallyDown=DOWN | currentState=SUBGRID_ACTIVE | rowKeyHeldTime=48541312 | activeRowKey=;
Timestamp: 48542312 | ProcessKeyPress: Ignoring repeat of active row key | key=; | PhysicallyDown=DOWN
Timestamp: 48542343 | ProcessKeyPress START | key=; | PhysicallyDown=DOWN | currentState=SUBGRID_ACTIVE | rowKeyHeldTime=48541312 | activeRowKey=;
Timestamp: 48542343 | ProcessKeyPress: Ignoring repeat of active row key | key=; | PhysicallyDown=DOWN
Timestamp: 48542375 | ProcessKeyPress START | key=; | PhysicallyDown=DOWN | currentState=SUBGRID_ACTIVE | rowKeyHeldTime=48541312 | activeRowKey=;
Timestamp: 48542375 | ProcessKeyPress: Ignoring repeat of active row key | key=; | PhysicallyDown=DOWN
Timestamp: 48542406 | ProcessKeyPress START | key=; | PhysicallyDown=DOWN | currentState=SUBGRID_ACTIVE | rowKeyHeldTime=48541312 | activeRowKey=;
Timestamp: 48542406 | ProcessKeyPress: Ignoring repeat of active row key | key=; | PhysicallyDown=DOWN
Timestamp: 48542437 | ProcessKeyPress START | key=; | PhysicallyDown=DOWN | currentState=SUBGRID_ACTIVE | rowKeyHeldTime=48541312 | activeRowKey=;
Timestamp: 48542437 | ProcessKeyPress: Ignoring repeat of active row key | key=; | PhysicallyDown=DOWN
Timestamp: 48542468 | ProcessKeyPress START | key=; | PhysicallyDown=DOWN | currentState=SUBGRID_ACTIVE | rowKeyHeldTime=48541312 | activeRowKey=;
Timestamp: 48542468 | ProcessKeyPress: Ignoring repeat of active row key | key=; | PhysicallyDown=DOWN
Timestamp: 48542500 | ProcessKeyPress START | key=; | PhysicallyDown=DOWN | currentState=SUBGRID_ACTIVE | rowKeyHeldTime=48541312 | activeRowKey=;
Timestamp: 48542500 | ProcessKeyPress: Ignoring repeat of active row key | key=; | PhysicallyDown=DOWN
Timestamp: 48542546 | ProcessKeyPress START | key=; | PhysicallyDown=DOWN | currentState=SUBGRID_ACTIVE | rowKeyHeldTime=48541312 | activeRowKey=;
Timestamp: 48542546 | ProcessKeyPress: Ignoring repeat of active row key | key=; | PhysicallyDown=DOWN
Timestamp: 48542578 | ProcessKeyPress START | key=; | PhysicallyDown=DOWN | currentState=SUBGRID_ACTIVE | rowKeyHeldTime=48541312 | activeRowKey=;
Timestamp: 48542578 | ProcessKeyPress: Ignoring repeat of active row key | key=; | PhysicallyDown=DOWN
Timestamp: 48542609 | ProcessKeyPress START | key=; | PhysicallyDown=DOWN | currentState=SUBGRID_ACTIVE | rowKeyHeldTime=48541312 | activeRowKey=;
Timestamp: 48542609 | ProcessKeyPress: Ignoring repeat of active row key | key=; | PhysicallyDown=DOWN
Timestamp: 48542656 | ProcessKeyPress START | key=; | PhysicallyDown=DOWN | currentState=SUBGRID_ACTIVE | rowKeyHeldTime=48541312 | activeRowKey=;
Timestamp: 48542656 | ProcessKeyPress: Ignoring repeat of active row key | key=; | PhysicallyDown=DOWN
Timestamp: 48542687 | ProcessKeyPress START | key=; | PhysicallyDown=DOWN | currentState=SUBGRID_ACTIVE | rowKeyHeldTime=48541312 | activeRowKey=;
Timestamp: 48542687 | ProcessKeyPress: Ignoring repeat of active row key | key=; | PhysicallyDown=DOWN
Timestamp: 48542718 | ProcessKeyPress START | key=; | PhysicallyDown=DOWN | currentState=SUBGRID_ACTIVE | rowKeyHeldTime=48541312 | activeRowKey=;
Timestamp: 48542718 | ProcessKeyPress: Ignoring repeat of active row key | key=; | PhysicallyDown=DOWN
Timestamp: 48542750 | ProcessKeyPress START | key=; | PhysicallyDown=DOWN | currentState=SUBGRID_ACTIVE | rowKeyHeldTime=48541312 | activeRowKey=;
Timestamp: 48542750 | ProcessKeyPress: Ignoring repeat of active row key | key=; | PhysicallyDown=DOWN
Timestamp: 48542781 | ProcessKeyPress START | key=; | PhysicallyDown=DOWN | currentState=SUBGRID_ACTIVE | rowKeyHeldTime=48541312 | activeRowKey=;
Timestamp: 48542781 | ProcessKeyPress: Ignoring repeat of active row key | key=; | PhysicallyDown=DOWN
Timestamp: 48542812 | ProcessKeyPress START | key=; | PhysicallyDown=DOWN | currentState=SUBGRID_ACTIVE | rowKeyHeldTime=48541312 | activeRowKey=;
Timestamp: 48542812 | ProcessKeyPress: Ignoring repeat of active row key | key=; | PhysicallyDown=DOWN
Timestamp: 48542843 | ProcessKeyPress START | key=; | PhysicallyDown=DOWN | currentState=SUBGRID_ACTIVE | rowKeyHeldTime=48541312 | activeRowKey=;
Timestamp: 48542843 | ProcessKeyPress: Ignoring repeat of active row key | key=; | PhysicallyDown=DOWN
Timestamp: 48542875 | ProcessKeyPress START | key=; | PhysicallyDown=DOWN | currentState=SUBGRID_ACTIVE | rowKeyHeldTime=48541312 | activeRowKey=;
Timestamp: 48542875 | ProcessKeyPress: Ignoring repeat of active row key | key=; | PhysicallyDown=DOWN
Timestamp: 48542906 | ProcessKeyPress START | key=; | PhysicallyDown=DOWN | currentState=SUBGRID_ACTIVE | rowKeyHeldTime=48541312 | activeRowKey=;
Timestamp: 48542906 | ProcessKeyPress: Ignoring repeat of active row key | key=; | PhysicallyDown=DOWN
Timestamp: 48542937 | ProcessKeyPress START | key=; | PhysicallyDown=DOWN | currentState=SUBGRID_ACTIVE | rowKeyHeldTime=48541312 | activeRowKey=;
Timestamp: 48542937 | ProcessKeyPress: Ignoring repeat of active row key | key=; | PhysicallyDown=DOWN
Timestamp: 48542968 | ProcessKeyPress START | key=; | PhysicallyDown=DOWN | currentState=SUBGRID_ACTIVE | rowKeyHeldTime=48541312 | activeRowKey=;
Timestamp: 48542968 | ProcessKeyPress: Ignoring repeat of active row key | key=; | PhysicallyDown=DOWN
Timestamp: 48543000 | ProcessKeyPress START | key=; | PhysicallyDown=DOWN | currentState=SUBGRID_ACTIVE | rowKeyHeldTime=48541312 | activeRowKey=;
Timestamp: 48543000 | ProcessKeyPress: Ignoring repeat of active row key | key=; | PhysicallyDown=DOWN
Timestamp: 48543046 | ProcessKeyPress START | key=; | PhysicallyDown=DOWN | currentState=SUBGRID_ACTIVE | rowKeyHeldTime=48541312 | activeRowKey=;
Timestamp: 48543046 | ProcessKeyPress: Ignoring repeat of active row key | key=; | PhysicallyDown=DOWN
Timestamp: 48543046 | HandleRowKeyRelease START | key=; | currentState=SUBGRID_ACTIVE | activeRowKey=; | inUltraFastMode=1
Timestamp: 48543046 | HandleRowKeyRelease: Check condition: enableUltraFast=1, inUltraFastMode=1, activeRowKey=;
Timestamp: 48543046 | HandleRowKeyRelease: Deactivating ultra-fast mode for key=;
Timestamp: 48543062 | HandleRowKeyRelease: Setting inUltraFastMode=false (Before) | inUltraFastMode=1
Timestamp: 48543062 | HandleRowKeyRelease: Set inUltraFastMode=false (After) | inUltraFastMode=0
Timestamp: 48543109 | HandleRowKeyRelease: Clearing activeRowKey (Before) | activeRowKey=;
Timestamp: 48543109 | HandleRowKeyRelease: Cleared activeRowKey (After) | activeRowKey=
Timestamp: 48543656 | TrackCursor START | currentState=SUBGRID_ACTIVE | firstKey= | activeRowKey= | inUltraFastMode=0
Timestamp: 48543718 | TrackCursor START | currentState=SUBGRID_ACTIVE | firstKey= | activeRowKey= | inUltraFastMode=0
Timestamp: 48543781 | TrackCursor START | currentState=SUBGRID_ACTIVE | firstKey= | activeRowKey= | inUltraFastMode=0
Timestamp: 48543843 | TrackCursor START | currentState=SUBGRID_ACTIVE | firstKey= | activeRowKey= | inUltraFastMode=0
Timestamp: 48543906 | TrackCursor START | currentState=SUBGRID_ACTIVE | firstKey= | activeRowKey= | inUltraFastMode=0
Timestamp: 48543968 | TrackCursor START | currentState=SUBGRID_ACTIVE | firstKey= | activeRowKey= | inUltraFastMode=0
Timestamp: 48544031 | TrackCursor START | currentState=SUBGRID_ACTIVE | firstKey= | activeRowKey= | inUltraFastMode=0
Timestamp: 48544093 | TrackCursor START | currentState=SUBGRID_ACTIVE | firstKey= | activeRowKey= | inUltraFastMode=0
Timestamp: 48544156 | TrackCursor START | currentState=SUBGRID_ACTIVE | firstKey= | activeRowKey= | inUltraFastMode=0
Timestamp: 48544218 | TrackCursor START | currentState=SUBGRID_ACTIVE | firstKey= | activeRowKey= | inUltraFastMode=0
Timestamp: 48544437 | ProcessKeyPress START | key=d | PhysicallyDown=DOWN | currentState=SUBGRID_ACTIVE | rowKeyHeldTime=48541312 | activeRowKey=
Timestamp: 48544437 | StartNewSelection START | key=d | PhysicallyDown=DOWN | currentState=SUBGRID_ACTIVE | firstKey= | activeRowKey= | activeRowKeyPhysicallyDown=UP | inUltraFastMode=0
Timestamp: 48548453 | Cleanup START | currentState=SUBGRID_ACTIVE
Timestamp: 48548453 | Cleanup: Setting currentState=IDLE (Before) | currentState=SUBGRID_ACTIVE
Timestamp: 48548453 | Cleanup: Resetting State (Before) | firstKey= | inUltraFastMode=0 | activeRowKey=
Timestamp: 48548453 | Cleanup: Reset State (After) | firstKey= | inUltraFastMode=0 | activeRowKey=
Timestamp: 48632640 | CapsLock_Q START | currentState=IDLE
Timestamp: 48634265 | CapsLock_Q START | currentState=IDLE
Timestamp: 48777453 | CapsLock_Q START | currentState=IDLE
Timestamp: 48777453 | CapsLock_Q: Resetting State (Before) | firstKey= | inUltraFastMode=0 | activeRowKey=
Timestamp: 48777453 | CapsLock_Q: Reset State (After) | firstKey= | inUltraFastMode=0 | activeRowKey=
Timestamp: 48777453 | CapsLock_Q: Setting currentState=GRID_VISIBLE (Before) | currentState=IDLE
Timestamp: 48777453 | CapsLock_Q: Set currentState=GRID_VISIBLE (After) | currentState=IDLE
Timestamp: 48784343 | CapsLock_Q START | currentState=IDLE
Timestamp: 48784343 | CapsLock_Q: Resetting State (Before) | firstKey= | inUltraFastMode=0 | activeRowKey=
Timestamp: 48784343 | CapsLock_Q: Reset State (After) | firstKey= | inUltraFastMode=0 | activeRowKey=
Timestamp: 48789125 | CapsLock_Q START | currentState=IDLE
Timestamp: 48789125 | CapsLock_Q: Resetting State (Before) | firstKey= | inUltraFastMode=0 | activeRowKey=
Timestamp: 48789125 | CapsLock_Q: Reset State (After) | firstKey= | inUltraFastMode=0 | activeRowKey=
Timestamp: 48789125 | CapsLock_Q: Setting currentState=GRID_VISIBLE (Before) | currentState=IDLE
Timestamp: 48789125 | CapsLock_Q: Set currentState=GRID_VISIBLE (After) | currentState=IDLE
Timestamp: 48790625 | CapsLock_Q START | currentState=IDLE
Timestamp: 48790625 | CapsLock_Q: Resetting State (Before) | firstKey= | inUltraFastMode=0 | activeRowKey=
Timestamp: 48790625 | CapsLock_Q: Reset State (After) | firstKey= | inUltraFastMode=0 | activeRowKey=
Timestamp: 48790625 | CapsLock_Q: Setting currentState=GRID_VISIBLE (Before) | currentState=IDLE
Timestamp: 48790625 | CapsLock_Q: Set currentState=GRID_VISIBLE (After) | currentState=IDLE
Timestamp: 48791843 | CapsLock_Q START | currentState=IDLE
Timestamp: 48791843 | CapsLock_Q: Resetting State (Before) | firstKey= | inUltraFastMode=0 | activeRowKey=
Timestamp: 48791843 | CapsLock_Q: Reset State (After) | firstKey= | inUltraFastMode=0 | activeRowKey=
Timestamp: 48791843 | CapsLock_Q: Setting currentState=GRID_VISIBLE (Before) | currentState=IDLE
Timestamp: 48791843 | CapsLock_Q: Set currentState=GRID_VISIBLE (After) | currentState=IDLE
Timestamp: 48794312 | CapsLock_Q START | currentState=IDLE
Timestamp: 48794312 | CapsLock_Q: Resetting State (Before) | firstKey= | inUltraFastMode=0 | activeRowKey=
Timestamp: 48794312 | CapsLock_Q: Reset State (After) | firstKey= | inUltraFastMode=0 | activeRowKey=
Timestamp: 48794312 | CapsLock_Q: Setting currentState=GRID_VISIBLE (Before) | currentState=IDLE
Timestamp: 48794312 | CapsLock_Q: Set currentState=GRID_VISIBLE (After) | currentState=IDLE
Timestamp: 48794828 | CapsLock_Q START | currentState=IDLE
Timestamp: 48794828 | CapsLock_Q: Resetting State (Before) | firstKey= | inUltraFastMode=0 | activeRowKey=
Timestamp: 48794828 | CapsLock_Q: Reset State (After) | firstKey= | inUltraFastMode=0 | activeRowKey=
Timestamp: 48794828 | CapsLock_Q: Setting currentState=GRID_VISIBLE (Before) | currentState=IDLE
Timestamp: 48794828 | CapsLock_Q: Set currentState=GRID_VISIBLE (After) | currentState=IDLE
Timestamp: 48826375 | CapsLock_Q START | currentState=IDLE
Timestamp: 48826375 | CapsLock_Q: Resetting State (Before) | firstKey= | inUltraFastMode=0 | activeRowKey=
Timestamp: 48826375 | CapsLock_Q: Reset State (After) | firstKey= | inUltraFastMode=0 | activeRowKey=
Timestamp: 48826375 | CapsLock_Q: Setting currentState=GRID_VISIBLE (Before) | currentState=IDLE
Timestamp: 48826375 | CapsLock_Q: Set currentState=GRID_VISIBLE (After) | currentState=IDLE
Timestamp: 48841406 | CapsLock_Q START | currentState=IDLE
Timestamp: 48841406 | CapsLock_Q: Resetting State (Before) | firstKey= | inUltraFastMode=0 | activeRowKey=
Timestamp: 48841406 | CapsLock_Q: Reset State (After) | firstKey= | inUltraFastMode=0 | activeRowKey=
Timestamp: 48841406 | CapsLock_Q: Setting currentState=GRID_VISIBLE (Before) | currentState=IDLE
Timestamp: 48841406 | CapsLock_Q: Set currentState=GRID_VISIBLE (After) | currentState=GRID_VISIBLE
Timestamp: 48843390 | TrackCursor START | currentState=GRID_VISIBLE | firstKey= | activeRowKey= | inUltraFastMode=0
Timestamp: 48843406 | TrackCursor: Setting currentState=SUBGRID_ACTIVE (Mouse Move, no firstKey - Before)
Timestamp: 48843406 | TrackCursor: Set currentState=SUBGRID_ACTIVE (Mouse Move, no firstKey - After)
Timestamp: 48843453 | TrackCursor START | currentState=SUBGRID_ACTIVE | firstKey= | activeRowKey= | inUltraFastMode=0
Timestamp: 48843484 | ProcessKeyPress START | key=a | PhysicallyDown=DOWN | currentState=SUBGRID_ACTIVE | rowKeyHeldTime=0 | activeRowKey=
Timestamp: 48843484 | StartNewSelection START | key=a | PhysicallyDown=DOWN | currentState=SUBGRID_ACTIVE | firstKey= | activeRowKey= | activeRowKeyPhysicallyDown=UP | inUltraFastMode=0
Timestamp: 48843484 | StartNewSelection: Resetting State (Before) | activeCellKey=sk | activeSubCellKey= | firstKey= | inUltraFastMode=0 | activeRowKey=
Timestamp: 48843484 | StartNewSelection: Reset State (After) | inUltraFastMode=0 | activeRowKey=
Timestamp: 48843484 | StartNewSelection: Setting currentState=GRID_VISIBLE (Before) | currentState=SUBGRID_ACTIVE
Timestamp: 48843484 | StartNewSelection: Set currentState=GRID_VISIBLE (After) | currentState=GRID_VISIBLE
Timestamp: 48843500 | HandleKey START | key=a | PhysicallyDown=DOWN | currentState=GRID_VISIBLE | firstKey= | activeRowKey= | inUltraFastMode=0
Timestamp: 48843500 | HandleKey: First Key Press | key=a
Timestamp: 48843500 | HandleKey FINALLY: Lock Released
Timestamp: 48843609 | ProcessKeyPress START | key=s | PhysicallyDown=DOWN | currentState=GRID_VISIBLE | rowKeyHeldTime=0 | activeRowKey=
Timestamp: 48843609 | HandleKey START | key=s | PhysicallyDown=DOWN | currentState=GRID_VISIBLE | firstKey=a | activeRowKey= | inUltraFastMode=0
Timestamp: 48843609 | HandleKey: Second Key Press | key=s | firstKey=a
Timestamp: 48843609 | Second Key Check: firstKeyWasCol=1 | firstKeyWasRow=0
Timestamp: 48843609 | Branch: Col -> Col (Change Col)
Timestamp: 48843609 | HandleKey FINALLY: Lock Released
Timestamp: 48843656 | ProcessKeyPress START | key=d | PhysicallyDown=DOWN | currentState=GRID_VISIBLE | rowKeyHeldTime=0 | activeRowKey=
Timestamp: 48843656 | HandleKey START | key=d | PhysicallyDown=DOWN | currentState=GRID_VISIBLE | firstKey=s | activeRowKey= | inUltraFastMode=0
Timestamp: 48843656 | HandleKey: Second Key Press | key=d | firstKey=s
Timestamp: 48843656 | Second Key Check: firstKeyWasCol=1 | firstKeyWasRow=0
Timestamp: 48843656 | Branch: Col -> Col (Change Col)
Timestamp: 48843656 | HandleKey FINALLY: Lock Released
Timestamp: 48843718 | TrackCursor START | currentState=GRID_VISIBLE | firstKey=d | activeRowKey= | inUltraFastMode=0
Timestamp: 48843765 | ProcessKeyPress START | key=f | PhysicallyDown=DOWN | currentState=GRID_VISIBLE | rowKeyHeldTime=0 | activeRowKey=
Timestamp: 48843765 | HandleKey START | key=f | PhysicallyDown=DOWN | currentState=GRID_VISIBLE | firstKey=d | activeRowKey= | inUltraFastMode=0
Timestamp: 48843765 | HandleKey: Second Key Press | key=f | firstKey=d
Timestamp: 48843765 | Second Key Check: firstKeyWasCol=1 | firstKeyWasRow=0
Timestamp: 48843765 | Branch: Col -> Col (Change Col)
Timestamp: 48843765 | HandleKey FINALLY: Lock Released
Timestamp: 48843843 | TrackCursor START | currentState=GRID_VISIBLE | firstKey=f | activeRowKey= | inUltraFastMode=0
Timestamp: 48843906 | TrackCursor START | currentState=GRID_VISIBLE | firstKey=f | activeRowKey= | inUltraFastMode=0
Timestamp: 48843968 | TrackCursor START | currentState=GRID_VISIBLE | firstKey=f | activeRowKey= | inUltraFastMode=0
Timestamp: 48844031 | TrackCursor START | currentState=GRID_VISIBLE | firstKey=f | activeRowKey= | inUltraFastMode=0
Timestamp: 48844031 | ProcessKeyPress START | key=; | PhysicallyDown=DOWN | currentState=GRID_VISIBLE | rowKeyHeldTime=0 | activeRowKey=
Timestamp: 48844031 | HandleKey START | key=; | PhysicallyDown=DOWN | currentState=GRID_VISIBLE | firstKey=f | activeRowKey= | inUltraFastMode=0
Timestamp: 48844031 | HandleKey: Second Key Press | key=; | firstKey=f
Timestamp: 48844031 | Second Key Check: firstKeyWasCol=1 | firstKeyWasRow=0
Timestamp: 48844031 | Branch: Col -> Row
Timestamp: 48844031 | Row key ';' physical state: DOWN
Timestamp: 48844031 | HandleKey: Proceeding to Subgrid | cellKey=f;
Timestamp: 48844031 | HandleKey: Setting currentState=SUBGRID_ACTIVE (Before)
Timestamp: 48844031 | HandleKey: Set currentState=SUBGRID_ACTIVE (After) | activeCellKey=f;
Timestamp: 48844031 | HandleKey: Setting UltraFast Vars | key=; | currentTime=48844031 | PhysicallyDown=1
Timestamp: 48844031 | HandleKey: Set UltraFast Vars | activeRowKey=; | rowKeyHeldTime=48844031
Timestamp: 48844031 | HandleKey: Clearing firstKey (Before) | firstKey=f
Timestamp: 48844031 | HandleKey: Cleared firstKey (After) | firstKey=
Timestamp: 48844171 | ProcessKeyPress START | key=l | PhysicallyDown=DOWN | currentState=SUBGRID_ACTIVE | rowKeyHeldTime=48844031 | activeRowKey=;
Timestamp: 48844187 | StartNewSelection START | key=l | PhysicallyDown=DOWN | currentState=SUBGRID_ACTIVE | firstKey= | activeRowKey=; | activeRowKeyPhysicallyDown=DOWN | inUltraFastMode=0
Timestamp: 48844187 | StartNewSelection: Resetting State (Before) | activeCellKey=f; | activeSubCellKey= | firstKey= | inUltraFastMode=0 | activeRowKey=;
Timestamp: 48844187 | StartNewSelection: Reset State (After) | inUltraFastMode=0 | activeRowKey=
Timestamp: 48844187 | StartNewSelection: Setting currentState=GRID_VISIBLE (Before) | currentState=SUBGRID_ACTIVE
Timestamp: 48844187 | StartNewSelection: Set currentState=GRID_VISIBLE (After) | currentState=GRID_VISIBLE
Timestamp: 48844203 | HandleKey START | key=l | PhysicallyDown=DOWN | currentState=GRID_VISIBLE | firstKey= | activeRowKey= | inUltraFastMode=0
Timestamp: 48844203 | HandleKey Locked - Ignoring key=l
Timestamp: 48844281 | ProcessKeyPress START | key=k | PhysicallyDown=DOWN | currentState=GRID_VISIBLE | rowKeyHeldTime=48844031 | activeRowKey=
Timestamp: 48844281 | HandleKey START | key=k | PhysicallyDown=DOWN | currentState=GRID_VISIBLE | firstKey= | activeRowKey= | inUltraFastMode=0
Timestamp: 48844281 | HandleKey Locked - Ignoring key=k
Timestamp: 48844437 | ProcessKeyPress START | key=j | PhysicallyDown=DOWN | currentState=GRID_VISIBLE | rowKeyHeldTime=48844031 | activeRowKey=
Timestamp: 48844437 | HandleKey START | key=j | PhysicallyDown=DOWN | currentState=GRID_VISIBLE | firstKey= | activeRowKey= | inUltraFastMode=0
Timestamp: 48844437 | HandleKey Locked - Ignoring key=j
Timestamp: 48844531 | ProcessKeyPress START | key=a | PhysicallyDown=DOWN | currentState=GRID_VISIBLE | rowKeyHeldTime=48844031 | activeRowKey=
Timestamp: 48844531 | HandleKey START | key=a | PhysicallyDown=DOWN | currentState=GRID_VISIBLE | firstKey= | activeRowKey= | inUltraFastMode=0
Timestamp: 48844531 | HandleKey Locked - Ignoring key=a
Timestamp: 48844031 | HandleKey FINALLY: Lock Released
Timestamp: 48844671 | TrackCursor START | currentState=GRID_VISIBLE | firstKey= | activeRowKey= | inUltraFastMode=0
Timestamp: 48844687 | TrackCursor: Setting currentState=SUBGRID_ACTIVE (Mouse Move, no firstKey - Before)
Timestamp: 48844687 | TrackCursor: Set currentState=SUBGRID_ACTIVE (Mouse Move, no firstKey - After)
Timestamp: 48844718 | ProcessKeyPress START | key=s | PhysicallyDown=DOWN | currentState=SUBGRID_ACTIVE | rowKeyHeldTime=48844031 | activeRowKey=
Timestamp: 48844718 | StartNewSelection START | key=s | PhysicallyDown=DOWN | currentState=SUBGRID_ACTIVE | firstKey= | activeRowKey= | activeRowKeyPhysicallyDown=UP | inUltraFastMode=0
Timestamp: 48844718 | StartNewSelection: Resetting State (Before) | activeCellKey=f; | activeSubCellKey= | firstKey= | inUltraFastMode=0 | activeRowKey=
Timestamp: 48844718 | StartNewSelection: Reset State (After) | inUltraFastMode=0 | activeRowKey=
Timestamp: 48844718 | StartNewSelection: Setting currentState=GRID_VISIBLE (Before) | currentState=SUBGRID_ACTIVE
Timestamp: 48844718 | StartNewSelection: Set currentState=GRID_VISIBLE (After) | currentState=GRID_VISIBLE
Timestamp: 48844734 | HandleKey START | key=s | PhysicallyDown=DOWN | currentState=GRID_VISIBLE | firstKey= | activeRowKey= | inUltraFastMode=0
Timestamp: 48844734 | HandleKey: First Key Press | key=s
Timestamp: 48844750 | ProcessKeyPress START | key=d | PhysicallyDown=DOWN | currentState=GRID_VISIBLE | rowKeyHeldTime=48844031 | activeRowKey=
Timestamp: 48844750 | HandleKey START | key=d | PhysicallyDown=DOWN | currentState=GRID_VISIBLE | firstKey=s | activeRowKey= | inUltraFastMode=0
Timestamp: 48844750 | HandleKey Locked - Ignoring key=d
Timestamp: 48844734 | HandleKey FINALLY: Lock Released
Timestamp: 48844843 | ProcessKeyPress START | key=f | PhysicallyDown=DOWN | currentState=GRID_VISIBLE | rowKeyHeldTime=48844031 | activeRowKey=
Timestamp: 48844843 | HandleKey START | key=f | PhysicallyDown=DOWN | currentState=GRID_VISIBLE | firstKey=s | activeRowKey= | inUltraFastMode=0
Timestamp: 48844843 | HandleKey: Second Key Press | key=f | firstKey=s
Timestamp: 48844843 | Second Key Check: firstKeyWasCol=1 | firstKeyWasRow=0
Timestamp: 48844843 | Branch: Col -> Col (Change Col)
Timestamp: 48844843 | HandleKey FINALLY: Lock Released
Timestamp: 48844906 | TrackCursor START | currentState=GRID_VISIBLE | firstKey=f | activeRowKey= | inUltraFastMode=0
Timestamp: 48844968 | TrackCursor START | currentState=GRID_VISIBLE | firstKey=f | activeRowKey= | inUltraFastMode=0
Timestamp: 48845031 | TrackCursor START | currentState=GRID_VISIBLE | firstKey=f | activeRowKey= | inUltraFastMode=0
Timestamp: 48845093 | TrackCursor START | currentState=GRID_VISIBLE | firstKey=f | activeRowKey= | inUltraFastMode=0
Timestamp: 48845156 | TrackCursor START | currentState=GRID_VISIBLE | firstKey=f | activeRowKey= | inUltraFastMode=0
Timestamp: 48845218 | TrackCursor START | currentState=GRID_VISIBLE | firstKey=f | activeRowKey= | inUltraFastMode=0
Timestamp: 48845281 | TrackCursor START | currentState=GRID_VISIBLE | firstKey=f | activeRowKey= | inUltraFastMode=0
Timestamp: 48845343 | TrackCursor START | currentState=GRID_VISIBLE | firstKey=f | activeRowKey= | inUltraFastMode=0
Timestamp: 48845359 | ProcessKeyPress START | key=l | PhysicallyDown=DOWN | currentState=GRID_VISIBLE | rowKeyHeldTime=48844031 | activeRowKey=
Timestamp: 48845359 | HandleKey START | key=l | PhysicallyDown=DOWN | currentState=GRID_VISIBLE | firstKey=f | activeRowKey= | inUltraFastMode=0
Timestamp: 48845359 | HandleKey: Second Key Press | key=l | firstKey=f
Timestamp: 48845359 | Second Key Check: firstKeyWasCol=1 | firstKeyWasRow=0
Timestamp: 48845359 | Branch: Col -> Row
Timestamp: 48845359 | Row key 'l' physical state: DOWN
Timestamp: 48845359 | HandleKey: Proceeding to Subgrid | cellKey=fl
Timestamp: 48845359 | HandleKey: Setting currentState=SUBGRID_ACTIVE (Before)
Timestamp: 48845359 | HandleKey: Set currentState=SUBGRID_ACTIVE (After) | activeCellKey=fl
Timestamp: 48845359 | HandleKey: Setting UltraFast Vars | key=l | currentTime=48845359 | PhysicallyDown=1
Timestamp: 48845359 | HandleKey: Set UltraFast Vars | activeRowKey=l | rowKeyHeldTime=48845359
Timestamp: 48845359 | HandleKey: Clearing firstKey (Before) | firstKey=f
Timestamp: 48845359 | HandleKey: Cleared firstKey (After) | firstKey=
Timestamp: 48845500 | ProcessKeyPress START | key=k | PhysicallyDown=DOWN | currentState=SUBGRID_ACTIVE | rowKeyHeldTime=48845359 | activeRowKey=l
Timestamp: 48845500 | StartNewSelection START | key=k | PhysicallyDown=DOWN | currentState=SUBGRID_ACTIVE | firstKey= | activeRowKey=l | activeRowKeyPhysicallyDown=DOWN | inUltraFastMode=0
Timestamp: 48845500 | StartNewSelection: Resetting State (Before) | activeCellKey=fl | activeSubCellKey= | firstKey= | inUltraFastMode=0 | activeRowKey=l
Timestamp: 48845500 | StartNewSelection: Reset State (After) | inUltraFastMode=0 | activeRowKey=
Timestamp: 48845500 | StartNewSelection: Setting currentState=GRID_VISIBLE (Before) | currentState=SUBGRID_ACTIVE
Timestamp: 48845500 | StartNewSelection: Set currentState=GRID_VISIBLE (After) | currentState=GRID_VISIBLE
Timestamp: 48845515 | HandleKey START | key=k | PhysicallyDown=DOWN | currentState=GRID_VISIBLE | firstKey= | activeRowKey= | inUltraFastMode=0
Timestamp: 48845515 | HandleKey Locked - Ignoring key=k
Timestamp: 48845625 | ProcessKeyPress START | key=j | PhysicallyDown=DOWN | currentState=GRID_VISIBLE | rowKeyHeldTime=48845359 | activeRowKey=
Timestamp: 48845625 | HandleKey START | key=j | PhysicallyDown=DOWN | currentState=GRID_VISIBLE | firstKey= | activeRowKey= | inUltraFastMode=0
Timestamp: 48845625 | HandleKey Locked - Ignoring key=j
Timestamp: 48845906 | ProcessKeyPress START | key=a | PhysicallyDown=DOWN | currentState=GRID_VISIBLE | rowKeyHeldTime=48845359 | activeRowKey=
Timestamp: 48845906 | HandleKey START | key=a | PhysicallyDown=DOWN | currentState=GRID_VISIBLE | firstKey= | activeRowKey= | inUltraFastMode=0
Timestamp: 48845906 | HandleKey Locked - Ignoring key=a
Timestamp: 48845359 | HandleKey FINALLY: Lock Released
Timestamp: 48846000 | ProcessKeyPress START | key=s | PhysicallyDown=DOWN | currentState=GRID_VISIBLE | rowKeyHeldTime=48845359 | activeRowKey=
Timestamp: 48846000 | HandleKey START | key=s | PhysicallyDown=DOWN | currentState=GRID_VISIBLE | firstKey= | activeRowKey= | inUltraFastMode=0
Timestamp: 48846000 | HandleKey: First Key Press | key=s
Timestamp: 48846000 | HandleKey FINALLY: Lock Released
Timestamp: 48846109 | TrackCursor START | currentState=GRID_VISIBLE | firstKey=s | activeRowKey= | inUltraFastMode=0
Timestamp: 48846171 | TrackCursor START | currentState=GRID_VISIBLE | firstKey=s | activeRowKey= | inUltraFastMode=0
Timestamp: 48846234 | TrackCursor START | currentState=GRID_VISIBLE | firstKey=s | activeRowKey= | inUltraFastMode=0
Timestamp: 48846296 | TrackCursor START | currentState=GRID_VISIBLE | firstKey=s | activeRowKey= | inUltraFastMode=0
Timestamp: 48846359 | TrackCursor START | currentState=GRID_VISIBLE | firstKey=s | activeRowKey= | inUltraFastMode=0
Timestamp: 48846421 | TrackCursor START | currentState=GRID_VISIBLE | firstKey=s | activeRowKey= | inUltraFastMode=0
Timestamp: 48846484 | TrackCursor START | currentState=GRID_VISIBLE | firstKey=s | activeRowKey= | inUltraFastMode=0
Timestamp: 48846546 | TrackCursor START | currentState=GRID_VISIBLE | firstKey=s | activeRowKey= | inUltraFastMode=0
Timestamp: 48846609 | TrackCursor START | currentState=GRID_VISIBLE | firstKey=s | activeRowKey= | inUltraFastMode=0
Timestamp: 48846671 | TrackCursor START | currentState=GRID_VISIBLE | firstKey=s | activeRowKey= | inUltraFastMode=0
Timestamp: 48846734 | TrackCursor START | currentState=GRID_VISIBLE | firstKey=s | activeRowKey= | inUltraFastMode=0
Timestamp: 48846796 | TrackCursor START | currentState=GRID_VISIBLE | firstKey=s | activeRowKey= | inUltraFastMode=0
Timestamp: 48846859 | TrackCursor START | currentState=GRID_VISIBLE | firstKey=s | activeRowKey= | inUltraFastMode=0
Timestamp: 48846921 | TrackCursor START | currentState=GRID_VISIBLE | firstKey=s | activeRowKey= | inUltraFastMode=0
Timestamp: 48846984 | TrackCursor START | currentState=GRID_VISIBLE | firstKey=s | activeRowKey= | inUltraFastMode=0
Timestamp: 48847046 | TrackCursor START | currentState=GRID_VISIBLE | firstKey=s | activeRowKey= | inUltraFastMode=0
Timestamp: 48847109 | TrackCursor START | currentState=GRID_VISIBLE | firstKey=s | activeRowKey= | inUltraFastMode=0
Timestamp: 48847171 | TrackCursor START | currentState=GRID_VISIBLE | firstKey=s | activeRowKey= | inUltraFastMode=0
Timestamp: 48847203 | ProcessKeyPress START | key=q | PhysicallyDown=DOWN | currentState=GRID_VISIBLE | rowKeyHeldTime=48845359 | activeRowKey=
Timestamp: 48847203 | HandleKey START | key=q | PhysicallyDown=DOWN | currentState=GRID_VISIBLE | firstKey=s | activeRowKey= | inUltraFastMode=0
Timestamp: 48847203 | HandleKey: Second Key Press | key=q | firstKey=s
Timestamp: 48847203 | Second Key Check: firstKeyWasCol=1 | firstKeyWasRow=0
Timestamp: 48847203 | Branch: Col -> Col (Change Col)
Timestamp: 48847203 | HandleKey FINALLY: Lock Released
Timestamp: 48847265 | TrackCursor START | currentState=GRID_VISIBLE | firstKey=q | activeRowKey= | inUltraFastMode=0
Timestamp: 48847328 | TrackCursor START | currentState=GRID_VISIBLE | firstKey=q | activeRowKey= | inUltraFastMode=0
Timestamp: 48847343 | ProcessKeyPress START | key=. | PhysicallyDown=DOWN | currentState=GRID_VISIBLE | rowKeyHeldTime=48845359 | activeRowKey=
Timestamp: 48847343 | HandleKey START | key=. | PhysicallyDown=DOWN | currentState=GRID_VISIBLE | firstKey=q | activeRowKey= | inUltraFastMode=0
Timestamp: 48847343 | HandleKey: Second Key Press | key=. | firstKey=q
Timestamp: 48847343 | Second Key Check: firstKeyWasCol=1 | firstKeyWasRow=0
Timestamp: 48847343 | Branch: Col -> Row
Timestamp: 48847343 | Row key '.' physical state: DOWN
Timestamp: 48847343 | HandleKey: Proceeding to Subgrid | cellKey=q.
Timestamp: 48847343 | HandleKey: Setting currentState=SUBGRID_ACTIVE (Before)
Timestamp: 48847343 | HandleKey: Set currentState=SUBGRID_ACTIVE (After) | activeCellKey=q.
Timestamp: 48847343 | HandleKey: Setting UltraFast Vars | key=. | currentTime=48847343 | PhysicallyDown=1
Timestamp: 48847343 | HandleKey: Set UltraFast Vars | activeRowKey=. | rowKeyHeldTime=48847343
Timestamp: 48847343 | HandleKey: Clearing firstKey (Before) | firstKey=q
Timestamp: 48847343 | HandleKey: Cleared firstKey (After) | firstKey=
Timestamp: 48847343 | HandleKey FINALLY: Lock Released
Timestamp: 48847953 | ProcessKeyPress START | key=. | PhysicallyDown=DOWN | currentState=SUBGRID_ACTIVE | rowKeyHeldTime=48847343 | activeRowKey=.
Timestamp: 48847953 | ProcessKeyPress: Ignoring repeat of active row key | key=. | PhysicallyDown=DOWN
Timestamp: 48847984 | TrackCursor START | currentState=SUBGRID_ACTIVE | firstKey= | activeRowKey=. | inUltraFastMode=0
Timestamp: 48847984 | TrackCursor Check: CurrentTick=48847984, HeldTimeStart=48847343, CalculatedHeldTime=641, Threshold=150, ActiveRowKey=., PhysicallyDown=1, State=SUBGRID_ACTIVE
Timestamp: 48847984 | TrackCursor: Hold Threshold Met! (641 >= 150), Key is physically down
Timestamp: 48848015 | ProcessKeyPress START | key=. | PhysicallyDown=DOWN | currentState=SUBGRID_ACTIVE | rowKeyHeldTime=48847343 | activeRowKey=.
Timestamp: 48848015 | ProcessKeyPress: Ignoring repeat of active row key | key=. | PhysicallyDown=DOWN
Timestamp: 48848015 | ProcessKeyPress START | key=. | PhysicallyDown=DOWN | currentState=SUBGRID_ACTIVE | rowKeyHeldTime=48847343 | activeRowKey=.
Timestamp: 48848015 | ProcessKeyPress: Ignoring repeat of active row key | key=. | PhysicallyDown=DOWN
Timestamp: 48848046 | ProcessKeyPress START | key=. | PhysicallyDown=DOWN | currentState=SUBGRID_ACTIVE | rowKeyHeldTime=48847343 | activeRowKey=.
Timestamp: 48848046 | ProcessKeyPress: Ignoring repeat of active row key | key=. | PhysicallyDown=DOWN
Timestamp: 48848078 | ProcessKeyPress START | key=. | PhysicallyDown=DOWN | currentState=SUBGRID_ACTIVE | rowKeyHeldTime=48847343 | activeRowKey=.
Timestamp: 48848078 | ProcessKeyPress: Ignoring repeat of active row key | key=. | PhysicallyDown=DOWN
Timestamp: 48848125 | ProcessKeyPress START | key=. | PhysicallyDown=DOWN | currentState=SUBGRID_ACTIVE | rowKeyHeldTime=48847343 | activeRowKey=.
Timestamp: 48848125 | ProcessKeyPress: Ignoring repeat of active row key | key=. | PhysicallyDown=DOWN
Timestamp: 48848156 | ProcessKeyPress START | key=. | PhysicallyDown=DOWN | currentState=SUBGRID_ACTIVE | rowKeyHeldTime=48847343 | activeRowKey=.
Timestamp: 48848156 | ProcessKeyPress: Ignoring repeat of active row key | key=. | PhysicallyDown=DOWN
Timestamp: 48848187 | ProcessKeyPress START | key=. | PhysicallyDown=DOWN | currentState=SUBGRID_ACTIVE | rowKeyHeldTime=48847343 | activeRowKey=.
Timestamp: 48848187 | ProcessKeyPress: Ignoring repeat of active row key | key=. | PhysicallyDown=DOWN
Timestamp: 48848218 | ProcessKeyPress START | key=. | PhysicallyDown=DOWN | currentState=SUBGRID_ACTIVE | rowKeyHeldTime=48847343 | activeRowKey=.
Timestamp: 48848218 | ProcessKeyPress: Ignoring repeat of active row key | key=. | PhysicallyDown=DOWN
Timestamp: 48848250 | ProcessKeyPress START | key=. | PhysicallyDown=DOWN | currentState=SUBGRID_ACTIVE | rowKeyHeldTime=48847343 | activeRowKey=.
Timestamp: 48848250 | ProcessKeyPress: Ignoring repeat of active row key | key=. | PhysicallyDown=DOWN
Timestamp: 48848281 | TrackCursor: Setting inUltraFastMode=true (Before)
Timestamp: 48848281 | TrackCursor: Set inUltraFastMode=true (After)
Timestamp: 48848281 | ProcessKeyPress START | key=. | PhysicallyDown=DOWN | currentState=SUBGRID_ACTIVE | rowKeyHeldTime=48847343 | activeRowKey=.
Timestamp: 48848281 | ProcessKeyPress: Ignoring repeat of active row key | key=. | PhysicallyDown=DOWN
Timestamp: 48848312 | ProcessKeyPress START | key=. | PhysicallyDown=DOWN | currentState=SUBGRID_ACTIVE | rowKeyHeldTime=48847343 | activeRowKey=.
Timestamp: 48848312 | ProcessKeyPress: Ignoring repeat of active row key | key=. | PhysicallyDown=DOWN
Timestamp: 48848343 | ProcessKeyPress START | key=. | PhysicallyDown=DOWN | currentState=SUBGRID_ACTIVE | rowKeyHeldTime=48847343 | activeRowKey=.
Timestamp: 48848343 | ProcessKeyPress: Ignoring repeat of active row key | key=. | PhysicallyDown=DOWN
Timestamp: 48848375 | ProcessKeyPress START | key=. | PhysicallyDown=DOWN | currentState=SUBGRID_ACTIVE | rowKeyHeldTime=48847343 | activeRowKey=.
Timestamp: 48848375 | ProcessKeyPress: Ignoring repeat of active row key | key=. | PhysicallyDown=DOWN
Timestamp: 48848406 | ProcessKeyPress START | key=. | PhysicallyDown=DOWN | currentState=SUBGRID_ACTIVE | rowKeyHeldTime=48847343 | activeRowKey=.
Timestamp: 48848406 | ProcessKeyPress: Ignoring repeat of active row key | key=. | PhysicallyDown=DOWN
Timestamp: 48848437 | ProcessKeyPress START | key=. | PhysicallyDown=DOWN | currentState=SUBGRID_ACTIVE | rowKeyHeldTime=48847343 | activeRowKey=.
Timestamp: 48848437 | ProcessKeyPress: Ignoring repeat of active row key | key=. | PhysicallyDown=DOWN
Timestamp: 48848468 | ProcessKeyPress START | key=. | PhysicallyDown=DOWN | currentState=SUBGRID_ACTIVE | rowKeyHeldTime=48847343 | activeRowKey=.
Timestamp: 48848468 | ProcessKeyPress: Ignoring repeat of active row key | key=. | PhysicallyDown=DOWN
Timestamp: 48848500 | ProcessKeyPress START | key=. | PhysicallyDown=DOWN | currentState=SUBGRID_ACTIVE | rowKeyHeldTime=48847343 | activeRowKey=.
Timestamp: 48848500 | ProcessKeyPress: Ignoring repeat of active row key | key=. | PhysicallyDown=DOWN
Timestamp: 48848546 | ProcessKeyPress START | key=. | PhysicallyDown=DOWN | currentState=SUBGRID_ACTIVE | rowKeyHeldTime=48847343 | activeRowKey=.
Timestamp: 48848546 | ProcessKeyPress: Ignoring repeat of active row key | key=. | PhysicallyDown=DOWN
Timestamp: 48848578 | ProcessKeyPress START | key=. | PhysicallyDown=DOWN | currentState=SUBGRID_ACTIVE | rowKeyHeldTime=48847343 | activeRowKey=.
Timestamp: 48848578 | ProcessKeyPress: Ignoring repeat of active row key | key=. | PhysicallyDown=DOWN
Timestamp: 48848609 | ProcessKeyPress START | key=. | PhysicallyDown=DOWN | currentState=SUBGRID_ACTIVE | rowKeyHeldTime=48847343 | activeRowKey=.
Timestamp: 48848609 | ProcessKeyPress: Ignoring repeat of active row key | key=. | PhysicallyDown=DOWN
Timestamp: 48848640 | ProcessKeyPress START | key=. | PhysicallyDown=DOWN | currentState=SUBGRID_ACTIVE | rowKeyHeldTime=48847343 | activeRowKey=.
Timestamp: 48848640 | ProcessKeyPress: Ignoring repeat of active row key | key=. | PhysicallyDown=DOWN
Timestamp: 48848671 | ProcessKeyPress START | key=. | PhysicallyDown=DOWN | currentState=SUBGRID_ACTIVE | rowKeyHeldTime=48847343 | activeRowKey=.
Timestamp: 48848671 | ProcessKeyPress: Ignoring repeat of active row key | key=. | PhysicallyDown=DOWN
Timestamp: 48848703 | ProcessKeyPress START | key=. | PhysicallyDown=DOWN | currentState=SUBGRID_ACTIVE | rowKeyHeldTime=48847343 | activeRowKey=.
Timestamp: 48848703 | ProcessKeyPress: Ignoring repeat of active row key | key=. | PhysicallyDown=DOWN
Timestamp: 48848734 | ProcessKeyPress START | key=. | PhysicallyDown=DOWN | currentState=SUBGRID_ACTIVE | rowKeyHeldTime=48847343 | activeRowKey=.
Timestamp: 48848734 | ProcessKeyPress: Ignoring repeat of active row key | key=. | PhysicallyDown=DOWN
Timestamp: 48848765 | ProcessKeyPress START | key=. | PhysicallyDown=DOWN | currentState=SUBGRID_ACTIVE | rowKeyHeldTime=48847343 | activeRowKey=.
Timestamp: 48848765 | ProcessKeyPress: Ignoring repeat of active row key | key=. | PhysicallyDown=DOWN
Timestamp: 48848796 | ProcessKeyPress START | key=. | PhysicallyDown=DOWN | currentState=SUBGRID_ACTIVE | rowKeyHeldTime=48847343 | activeRowKey=.
Timestamp: 48848796 | ProcessKeyPress: Ignoring repeat of active row key | key=. | PhysicallyDown=DOWN
Timestamp: 48848812 | HandleRowKeyRelease START | key=. | currentState=SUBGRID_ACTIVE | activeRowKey=. | inUltraFastMode=1
Timestamp: 48848812 | HandleRowKeyRelease: Check condition: enableUltraFast=1, inUltraFastMode=1, activeRowKey=.
Timestamp: 48848812 | HandleRowKeyRelease: Deactivating ultra-fast mode for key=.
Timestamp: 48848812 | HandleRowKeyRelease: Setting inUltraFastMode=false (Before) | inUltraFastMode=1
Timestamp: 48848812 | HandleRowKeyRelease: Set inUltraFastMode=false (After) | inUltraFastMode=0
Timestamp: 48848812 | HandleRowKeyRelease: Clearing activeRowKey (Before) | activeRowKey=.
Timestamp: 48848812 | HandleRowKeyRelease: Cleared activeRowKey (After) | activeRowKey=
Timestamp: 48849328 | TrackCursor START | currentState=SUBGRID_ACTIVE | firstKey= | activeRowKey= | inUltraFastMode=0
Timestamp: 48849390 | TrackCursor START | currentState=SUBGRID_ACTIVE | firstKey= | activeRowKey= | inUltraFastMode=0
Timestamp: 48849453 | TrackCursor START | currentState=SUBGRID_ACTIVE | firstKey= | activeRowKey= | inUltraFastMode=0
Timestamp: 48849515 | TrackCursor START | currentState=SUBGRID_ACTIVE | firstKey= | activeRowKey= | inUltraFastMode=0
Timestamp: 48849578 | TrackCursor START | currentState=SUBGRID_ACTIVE | firstKey= | activeRowKey= | inUltraFastMode=0
Timestamp: 48849640 | TrackCursor START | currentState=SUBGRID_ACTIVE | firstKey= | activeRowKey= | inUltraFastMode=0
Timestamp: 48849703 | TrackCursor START | currentState=SUBGRID_ACTIVE | firstKey= | activeRowKey= | inUltraFastMode=0
Timestamp: 48849718 | ProcessKeyPress START | key=. | PhysicallyDown=DOWN | currentState=SUBGRID_ACTIVE | rowKeyHeldTime=48847343 | activeRowKey=
Timestamp: 48849718 | StartNewSelection START | key=. | PhysicallyDown=DOWN | currentState=SUBGRID_ACTIVE | firstKey= | activeRowKey= | activeRowKeyPhysicallyDown=UP | inUltraFastMode=0
Timestamp: 48849718 | StartNewSelection: Resetting State (Before) | activeCellKey=q. | activeSubCellKey= | firstKey= | inUltraFastMode=0 | activeRowKey=
Timestamp: 48849718 | StartNewSelection: Reset State (After) | inUltraFastMode=0 | activeRowKey=
Timestamp: 48849718 | StartNewSelection: Setting currentState=GRID_VISIBLE (Before) | currentState=SUBGRID_ACTIVE
Timestamp: 48849718 | StartNewSelection: Set currentState=GRID_VISIBLE (After) | currentState=GRID_VISIBLE
Timestamp: 48849750 | HandleKey START | key=. | PhysicallyDown=DOWN | currentState=GRID_VISIBLE | firstKey= | activeRowKey= | inUltraFastMode=0
Timestamp: 48849750 | HandleKey: First Key Press | key=.
Timestamp: 48849750 | HandleKey FINALLY: Lock Released
Timestamp: 48849859 | TrackCursor START | currentState=GRID_VISIBLE | firstKey=. | activeRowKey= | inUltraFastMode=0
Timestamp: 48849921 | TrackCursor START | currentState=GRID_VISIBLE | firstKey=. | activeRowKey= | inUltraFastMode=0
Timestamp: 48849984 | TrackCursor START | currentState=GRID_VISIBLE | firstKey=. | activeRowKey= | inUltraFastMode=0
Timestamp: 48850046 | TrackCursor START | currentState=GRID_VISIBLE | firstKey=. | activeRowKey= | inUltraFastMode=0
Timestamp: 48850109 | TrackCursor START | currentState=GRID_VISIBLE | firstKey=. | activeRowKey= | inUltraFastMode=0
Timestamp: 48850171 | TrackCursor START | currentState=GRID_VISIBLE | firstKey=. | activeRowKey= | inUltraFastMode=0
Timestamp: 48850234 | TrackCursor START | currentState=GRID_VISIBLE | firstKey=. | activeRowKey= | inUltraFastMode=0
Timestamp: 48850234 | ProcessKeyPress START | key=. | PhysicallyDown=DOWN | currentState=GRID_VISIBLE | rowKeyHeldTime=48847343 | activeRowKey=
Timestamp: 48850234 | HandleKey START | key=. | PhysicallyDown=DOWN | currentState=GRID_VISIBLE | firstKey=. | activeRowKey= | inUltraFastMode=0
Timestamp: 48850234 | HandleKey: Second Key Press | key=. | firstKey=.
Timestamp: 48850234 | Second Key Check: firstKeyWasCol=0 | firstKeyWasRow=1
Timestamp: 48850234 | Branch: Row -> Row (Change Row)
Timestamp: 48850234 | HandleKey FINALLY: Lock Released
Timestamp: 48850265 | ProcessKeyPress START | key=. | PhysicallyDown=DOWN | currentState=GRID_VISIBLE | rowKeyHeldTime=48847343 | activeRowKey=
Timestamp: 48850265 | HandleKey START | key=. | PhysicallyDown=DOWN | currentState=GRID_VISIBLE | firstKey=. | activeRowKey= | inUltraFastMode=0
Timestamp: 48850265 | Ignored rapid repeat: key=.
Timestamp: 48850265 | HandleKey FINALLY: Lock Released
Timestamp: 48850296 | TrackCursor START | currentState=GRID_VISIBLE | firstKey=. | activeRowKey= | inUltraFastMode=0
Timestamp: 48850296 | ProcessKeyPress START | key=. | PhysicallyDown=DOWN | currentState=GRID_VISIBLE | rowKeyHeldTime=48847343 | activeRowKey=
Timestamp: 48850296 | HandleKey START | key=. | PhysicallyDown=DOWN | currentState=GRID_VISIBLE | firstKey=. | activeRowKey= | inUltraFastMode=0
Timestamp: 48850296 | HandleKey: Second Key Press | key=. | firstKey=.
Timestamp: 48850296 | Second Key Check: firstKeyWasCol=0 | firstKeyWasRow=1
Timestamp: 48850296 | Branch: Row -> Row (Change Row)
Timestamp: 48850296 | HandleKey FINALLY: Lock Released
Timestamp: 48850343 | ProcessKeyPress START | key=. | PhysicallyDown=DOWN | currentState=GRID_VISIBLE | rowKeyHeldTime=48847343 | activeRowKey=
Timestamp: 48850343 | HandleKey START | key=. | PhysicallyDown=DOWN | currentState=GRID_VISIBLE | firstKey=. | activeRowKey= | inUltraFastMode=0
Timestamp: 48850343 | Ignored rapid repeat: key=.
Timestamp: 48850343 | HandleKey FINALLY: Lock Released
Timestamp: 48850359 | TrackCursor START | currentState=GRID_VISIBLE | firstKey=. | activeRowKey= | inUltraFastMode=0
Timestamp: 48850375 | ProcessKeyPress START | key=. | PhysicallyDown=DOWN | currentState=GRID_VISIBLE | rowKeyHeldTime=48847343 | activeRowKey=
Timestamp: 48850375 | HandleKey START | key=. | PhysicallyDown=DOWN | currentState=GRID_VISIBLE | firstKey=. | activeRowKey= | inUltraFastMode=0
Timestamp: 48850375 | HandleKey: Second Key Press | key=. | firstKey=.
Timestamp: 48850375 | Second Key Check: firstKeyWasCol=0 | firstKeyWasRow=1
Timestamp: 48850375 | Branch: Row -> Row (Change Row)
Timestamp: 48850375 | HandleKey FINALLY: Lock Released
Timestamp: 48850406 | ProcessKeyPress START | key=. | PhysicallyDown=DOWN | currentState=GRID_VISIBLE | rowKeyHeldTime=48847343 | activeRowKey=
Timestamp: 48850406 | HandleKey START | key=. | PhysicallyDown=DOWN | currentState=GRID_VISIBLE | firstKey=. | activeRowKey= | inUltraFastMode=0
Timestamp: 48850406 | Ignored rapid repeat: key=.
Timestamp: 48850406 | HandleKey FINALLY: Lock Released
Timestamp: 48850437 | TrackCursor START | currentState=GRID_VISIBLE | firstKey=. | activeRowKey= | inUltraFastMode=0
Timestamp: 48850437 | ProcessKeyPress START | key=. | PhysicallyDown=DOWN | currentState=GRID_VISIBLE | rowKeyHeldTime=48847343 | activeRowKey=
Timestamp: 48850437 | HandleKey START | key=. | PhysicallyDown=DOWN | currentState=GRID_VISIBLE | firstKey=. | activeRowKey= | inUltraFastMode=0
Timestamp: 48850437 | HandleKey: Second Key Press | key=. | firstKey=.
Timestamp: 48850437 | Second Key Check: firstKeyWasCol=0 | firstKeyWasRow=1
Timestamp: 48850437 | Branch: Row -> Row (Change Row)
Timestamp: 48850437 | HandleKey FINALLY: Lock Released
Timestamp: 48850468 | ProcessKeyPress START | key=. | PhysicallyDown=DOWN | currentState=GRID_VISIBLE | rowKeyHeldTime=48847343 | activeRowKey=
Timestamp: 48850468 | HandleKey START | key=. | PhysicallyDown=DOWN | currentState=GRID_VISIBLE | firstKey=. | activeRowKey= | inUltraFastMode=0
Timestamp: 48850468 | Ignored rapid repeat: key=.
Timestamp: 48850468 | HandleKey FINALLY: Lock Released
Timestamp: 48850500 | TrackCursor START | currentState=GRID_VISIBLE | firstKey=. | activeRowKey= | inUltraFastMode=0
Timestamp: 48850500 | ProcessKeyPress START | key=. | PhysicallyDown=DOWN | currentState=GRID_VISIBLE | rowKeyHeldTime=48847343 | activeRowKey=
Timestamp: 48850500 | HandleKey START | key=. | PhysicallyDown=DOWN | currentState=GRID_VISIBLE | firstKey=. | activeRowKey= | inUltraFastMode=0
Timestamp: 48850500 | HandleKey: Second Key Press | key=. | firstKey=.
Timestamp: 48850500 | Second Key Check: firstKeyWasCol=0 | firstKeyWasRow=1
Timestamp: 48850500 | Branch: Row -> Row (Change Row)
Timestamp: 48850500 | HandleKey FINALLY: Lock Released
Timestamp: 48850531 | ProcessKeyPress START | key=. | PhysicallyDown=DOWN | currentState=GRID_VISIBLE | rowKeyHeldTime=48847343 | activeRowKey=
Timestamp: 48850531 | HandleKey START | key=. | PhysicallyDown=DOWN | currentState=GRID_VISIBLE | firstKey=. | activeRowKey= | inUltraFastMode=0
Timestamp: 48850531 | Ignored rapid repeat: key=.
Timestamp: 48850531 | HandleKey FINALLY: Lock Released
Timestamp: 48850562 | TrackCursor START | currentState=GRID_VISIBLE | firstKey=. | activeRowKey= | inUltraFastMode=0
Timestamp: 48850562 | ProcessKeyPress START | key=. | PhysicallyDown=DOWN | currentState=GRID_VISIBLE | rowKeyHeldTime=48847343 | activeRowKey=
Timestamp: 48850562 | HandleKey START | key=. | PhysicallyDown=DOWN | currentState=GRID_VISIBLE | firstKey=. | activeRowKey= | inUltraFastMode=0
Timestamp: 48850562 | HandleKey: Second Key Press | key=. | firstKey=.
Timestamp: 48850562 | Second Key Check: firstKeyWasCol=0 | firstKeyWasRow=1
Timestamp: 48850562 | Branch: Row -> Row (Change Row)
Timestamp: 48850562 | HandleKey FINALLY: Lock Released
Timestamp: 48850593 | ProcessKeyPress START | key=. | PhysicallyDown=DOWN | currentState=GRID_VISIBLE | rowKeyHeldTime=48847343 | activeRowKey=
Timestamp: 48850593 | HandleKey START | key=. | PhysicallyDown=DOWN | currentState=GRID_VISIBLE | firstKey=. | activeRowKey= | inUltraFastMode=0
Timestamp: 48850593 | Ignored rapid repeat: key=.
Timestamp: 48850593 | HandleKey FINALLY: Lock Released
Timestamp: 48850625 | TrackCursor START | currentState=GRID_VISIBLE | firstKey=. | activeRowKey= | inUltraFastMode=0
Timestamp: 48850625 | ProcessKeyPress START | key=. | PhysicallyDown=DOWN | currentState=GRID_VISIBLE | rowKeyHeldTime=48847343 | activeRowKey=
Timestamp: 48850625 | HandleKey START | key=. | PhysicallyDown=DOWN | currentState=GRID_VISIBLE | firstKey=. | activeRowKey= | inUltraFastMode=0
Timestamp: 48850625 | HandleKey: Second Key Press | key=. | firstKey=.
Timestamp: 48850625 | Second Key Check: firstKeyWasCol=0 | firstKeyWasRow=1
Timestamp: 48850625 | Branch: Row -> Row (Change Row)
Timestamp: 48850625 | HandleKey FINALLY: Lock Released
Timestamp: 48850656 | ProcessKeyPress START | key=. | PhysicallyDown=DOWN | currentState=GRID_VISIBLE | rowKeyHeldTime=48847343 | activeRowKey=
Timestamp: 48850656 | HandleKey START | key=. | PhysicallyDown=DOWN | currentState=GRID_VISIBLE | firstKey=. | activeRowKey= | inUltraFastMode=0
Timestamp: 48850656 | Ignored rapid repeat: key=.
Timestamp: 48850656 | HandleKey FINALLY: Lock Released
Timestamp: 48850687 | TrackCursor START | currentState=GRID_VISIBLE | firstKey=. | activeRowKey= | inUltraFastMode=0
Timestamp: 48850687 | ProcessKeyPress START | key=. | PhysicallyDown=DOWN | currentState=GRID_VISIBLE | rowKeyHeldTime=48847343 | activeRowKey=
Timestamp: 48850687 | HandleKey START | key=. | PhysicallyDown=DOWN | currentState=GRID_VISIBLE | firstKey=. | activeRowKey= | inUltraFastMode=0
Timestamp: 48850687 | HandleKey: Second Key Press | key=. | firstKey=.
Timestamp: 48850687 | Second Key Check: firstKeyWasCol=0 | firstKeyWasRow=1
Timestamp: 48850687 | Branch: Row -> Row (Change Row)
Timestamp: 48850687 | HandleKey FINALLY: Lock Released
Timestamp: 48850703 | ProcessKeyPress START | key=q | PhysicallyDown=DOWN | currentState=GRID_VISIBLE | rowKeyHeldTime=48847343 | activeRowKey=
Timestamp: 48850703 | HandleKey START | key=q | PhysicallyDown=DOWN | currentState=GRID_VISIBLE | firstKey=. | activeRowKey= | inUltraFastMode=0
Timestamp: 48850703 | HandleKey: Second Key Press | key=q | firstKey=.
Timestamp: 48850703 | Second Key Check: firstKeyWasCol=0 | firstKeyWasRow=1
Timestamp: 48850703 | Branch: Row -> Col
Timestamp: 48850703 | HandleKey: Proceeding to Subgrid | cellKey=q.
Timestamp: 48850703 | HandleKey: Setting currentState=SUBGRID_ACTIVE (Before)
Timestamp: 48850703 | HandleKey: Set currentState=SUBGRID_ACTIVE (After) | activeCellKey=q.
Timestamp: 48850703 | HandleKey: Clearing firstKey (Before) | firstKey=.
Timestamp: 48850703 | HandleKey: Cleared firstKey (After) | firstKey=
Timestamp: 48850703 | HandleKey FINALLY: Lock Released
Timestamp: 48851375 | TrackCursor START | currentState=SUBGRID_ACTIVE | firstKey= | activeRowKey= | inUltraFastMode=0
Timestamp: 48851437 | TrackCursor START | currentState=SUBGRID_ACTIVE | firstKey= | activeRowKey= | inUltraFastMode=0
Timestamp: 48851500 | TrackCursor START | currentState=SUBGRID_ACTIVE | firstKey= | activeRowKey= | inUltraFastMode=0
Timestamp: 48851562 | TrackCursor START | currentState=SUBGRID_ACTIVE | firstKey= | activeRowKey= | inUltraFastMode=0
Timestamp: 48851625 | TrackCursor START | currentState=SUBGRID_ACTIVE | firstKey= | activeRowKey= | inUltraFastMode=0
Timestamp: 48851687 | TrackCursor START | currentState=SUBGRID_ACTIVE | firstKey= | activeRowKey= | inUltraFastMode=0
Timestamp: 48851750 | TrackCursor START | currentState=SUBGRID_ACTIVE | firstKey= | activeRowKey= | inUltraFastMode=0
Timestamp: 48851781 | ProcessKeyPress START | key=. | PhysicallyDown=DOWN | currentState=SUBGRID_ACTIVE | rowKeyHeldTime=48847343 | activeRowKey=
Timestamp: 48851781 | StartNewSelection START | key=. | PhysicallyDown=DOWN | currentState=SUBGRID_ACTIVE | firstKey= | activeRowKey= | activeRowKeyPhysicallyDown=UP | inUltraFastMode=0
Timestamp: 48851781 | StartNewSelection: Resetting State (Before) | activeCellKey=q. | activeSubCellKey= | firstKey= | inUltraFastMode=0 | activeRowKey=
Timestamp: 48851781 | StartNewSelection: Reset State (After) | inUltraFastMode=0 | activeRowKey=
Timestamp: 48851781 | StartNewSelection: Setting currentState=GRID_VISIBLE (Before) | currentState=SUBGRID_ACTIVE
Timestamp: 48851781 | StartNewSelection: Set currentState=GRID_VISIBLE (After) | currentState=GRID_VISIBLE
Timestamp: 48851796 | HandleKey START | key=. | PhysicallyDown=DOWN | currentState=GRID_VISIBLE | firstKey= | activeRowKey= | inUltraFastMode=0
Timestamp: 48851796 | HandleKey: First Key Press | key=.
Timestamp: 48851796 | HandleKey FINALLY: Lock Released
Timestamp: 48851906 | TrackCursor START | currentState=GRID_VISIBLE | firstKey=. | activeRowKey= | inUltraFastMode=0
Timestamp: 48851984 | TrackCursor START | currentState=GRID_VISIBLE | firstKey=. | activeRowKey= | inUltraFastMode=0
Timestamp: 48852046 | TrackCursor START | currentState=GRID_VISIBLE | firstKey=. | activeRowKey= | inUltraFastMode=0
Timestamp: 48852109 | TrackCursor START | currentState=GRID_VISIBLE | firstKey=. | activeRowKey= | inUltraFastMode=0
Timestamp: 48852171 | TrackCursor START | currentState=GRID_VISIBLE | firstKey=. | activeRowKey= | inUltraFastMode=0
Timestamp: 48852234 | TrackCursor START | currentState=GRID_VISIBLE | firstKey=. | activeRowKey= | inUltraFastMode=0
Timestamp: 48852296 | TrackCursor START | currentState=GRID_VISIBLE | firstKey=. | activeRowKey= | inUltraFastMode=0
Timestamp: 48852296 | ProcessKeyPress START | key=. | PhysicallyDown=DOWN | currentState=GRID_VISIBLE | rowKeyHeldTime=48847343 | activeRowKey=
Timestamp: 48852296 | HandleKey START | key=. | PhysicallyDown=DOWN | currentState=GRID_VISIBLE | firstKey=. | activeRowKey= | inUltraFastMode=0
Timestamp: 48852296 | HandleKey: Second Key Press | key=. | firstKey=.
Timestamp: 48852296 | Second Key Check: firstKeyWasCol=0 | firstKeyWasRow=1
Timestamp: 48852296 | Branch: Row -> Row (Change Row)
Timestamp: 48852296 | HandleKey FINALLY: Lock Released
Timestamp: 48852328 | ProcessKeyPress START | key=. | PhysicallyDown=DOWN | currentState=GRID_VISIBLE | rowKeyHeldTime=48847343 | activeRowKey=
Timestamp: 48852328 | HandleKey START | key=. | PhysicallyDown=DOWN | currentState=GRID_VISIBLE | firstKey=. | activeRowKey= | inUltraFastMode=0
Timestamp: 48852328 | Ignored rapid repeat: key=.
Timestamp: 48852328 | HandleKey FINALLY: Lock Released
Timestamp: 48852359 | TrackCursor START | currentState=GRID_VISIBLE | firstKey=. | activeRowKey= | inUltraFastMode=0
Timestamp: 48852359 | ProcessKeyPress START | key=. | PhysicallyDown=DOWN | currentState=GRID_VISIBLE | rowKeyHeldTime=48847343 | activeRowKey=
Timestamp: 48852359 | HandleKey START | key=. | PhysicallyDown=DOWN | currentState=GRID_VISIBLE | firstKey=. | activeRowKey= | inUltraFastMode=0
Timestamp: 48852359 | HandleKey: Second Key Press | key=. | firstKey=.
Timestamp: 48852359 | Second Key Check: firstKeyWasCol=0 | firstKeyWasRow=1
Timestamp: 48852359 | Branch: Row -> Row (Change Row)
Timestamp: 48852359 | HandleKey FINALLY: Lock Released
Timestamp: 48852390 | ProcessKeyPress START | key=. | PhysicallyDown=DOWN | currentState=GRID_VISIBLE | rowKeyHeldTime=48847343 | activeRowKey=
Timestamp: 48852390 | HandleKey START | key=. | PhysicallyDown=DOWN | currentState=GRID_VISIBLE | firstKey=. | activeRowKey= | inUltraFastMode=0
Timestamp: 48852390 | Ignored rapid repeat: key=.
Timestamp: 48852390 | HandleKey FINALLY: Lock Released
Timestamp: 48852421 | TrackCursor START | currentState=GRID_VISIBLE | firstKey=. | activeRowKey= | inUltraFastMode=0
Timestamp: 48852421 | ProcessKeyPress START | key=. | PhysicallyDown=DOWN | currentState=GRID_VISIBLE | rowKeyHeldTime=48847343 | activeRowKey=
Timestamp: 48852421 | HandleKey START | key=. | PhysicallyDown=DOWN | currentState=GRID_VISIBLE | firstKey=. | activeRowKey= | inUltraFastMode=0
Timestamp: 48852421 | HandleKey: Second Key Press | key=. | firstKey=.
Timestamp: 48852421 | Second Key Check: firstKeyWasCol=0 | firstKeyWasRow=1
Timestamp: 48852421 | Branch: Row -> Row (Change Row)
Timestamp: 48852421 | HandleKey FINALLY: Lock Released
Timestamp: 48852453 | ProcessKeyPress START | key=. | PhysicallyDown=DOWN | currentState=GRID_VISIBLE | rowKeyHeldTime=48847343 | activeRowKey=
Timestamp: 48852453 | HandleKey START | key=. | PhysicallyDown=DOWN | currentState=GRID_VISIBLE | firstKey=. | activeRowKey= | inUltraFastMode=0
Timestamp: 48852453 | Ignored rapid repeat: key=.
Timestamp: 48852453 | HandleKey FINALLY: Lock Released
Timestamp: 48852484 | TrackCursor START | currentState=GRID_VISIBLE | firstKey=. | activeRowKey= | inUltraFastMode=0
Timestamp: 48852484 | ProcessKeyPress START | key=. | PhysicallyDown=DOWN | currentState=GRID_VISIBLE | rowKeyHeldTime=48847343 | activeRowKey=
Timestamp: 48852484 | HandleKey START | key=. | PhysicallyDown=DOWN | currentState=GRID_VISIBLE | firstKey=. | activeRowKey= | inUltraFastMode=0
Timestamp: 48852484 | HandleKey: Second Key Press | key=. | firstKey=.
Timestamp: 48852484 | Second Key Check: firstKeyWasCol=0 | firstKeyWasRow=1
Timestamp: 48852484 | Branch: Row -> Row (Change Row)
Timestamp: 48852484 | HandleKey FINALLY: Lock Released
Timestamp: 48852515 | ProcessKeyPress START | key=. | PhysicallyDown=DOWN | currentState=GRID_VISIBLE | rowKeyHeldTime=48847343 | activeRowKey=
Timestamp: 48852515 | HandleKey START | key=. | PhysicallyDown=DOWN | currentState=GRID_VISIBLE | firstKey=. | activeRowKey= | inUltraFastMode=0
Timestamp: 48852515 | Ignored rapid repeat: key=.
Timestamp: 48852515 | HandleKey FINALLY: Lock Released
Timestamp: 48852546 | TrackCursor START | currentState=GRID_VISIBLE | firstKey=. | activeRowKey= | inUltraFastMode=0
Timestamp: 48852546 | ProcessKeyPress START | key=. | PhysicallyDown=DOWN | currentState=GRID_VISIBLE | rowKeyHeldTime=48847343 | activeRowKey=
Timestamp: 48852546 | HandleKey START | key=. | PhysicallyDown=DOWN | currentState=GRID_VISIBLE | firstKey=. | activeRowKey= | inUltraFastMode=0
Timestamp: 48852546 | HandleKey: Second Key Press | key=. | firstKey=.
Timestamp: 48852546 | Second Key Check: firstKeyWasCol=0 | firstKeyWasRow=1
Timestamp: 48852546 | Branch: Row -> Row (Change Row)
Timestamp: 48852546 | HandleKey FINALLY: Lock Released
Timestamp: 48852578 | ProcessKeyPress START | key=. | PhysicallyDown=DOWN | currentState=GRID_VISIBLE | rowKeyHeldTime=48847343 | activeRowKey=
Timestamp: 48852578 | HandleKey START | key=. | PhysicallyDown=DOWN | currentState=GRID_VISIBLE | firstKey=. | activeRowKey= | inUltraFastMode=0
Timestamp: 48852578 | Ignored rapid repeat: key=.
Timestamp: 48852578 | HandleKey FINALLY: Lock Released
Timestamp: 48852609 | TrackCursor START | currentState=GRID_VISIBLE | firstKey=. | activeRowKey= | inUltraFastMode=0
Timestamp: 48852609 | ProcessKeyPress START | key=. | PhysicallyDown=DOWN | currentState=GRID_VISIBLE | rowKeyHeldTime=48847343 | activeRowKey=
Timestamp: 48852609 | HandleKey START | key=. | PhysicallyDown=DOWN | currentState=GRID_VISIBLE | firstKey=. | activeRowKey= | inUltraFastMode=0
Timestamp: 48852609 | HandleKey: Second Key Press | key=. | firstKey=.
Timestamp: 48852609 | Second Key Check: firstKeyWasCol=0 | firstKeyWasRow=1
Timestamp: 48852609 | Branch: Row -> Row (Change Row)
Timestamp: 48852609 | HandleKey FINALLY: Lock Released
Timestamp: 48852640 | ProcessKeyPress START | key=. | PhysicallyDown=DOWN | currentState=GRID_VISIBLE | rowKeyHeldTime=48847343 | activeRowKey=
Timestamp: 48852640 | HandleKey START | key=. | PhysicallyDown=DOWN | currentState=GRID_VISIBLE | firstKey=. | activeRowKey= | inUltraFastMode=0
Timestamp: 48852640 | Ignored rapid repeat: key=.
Timestamp: 48852640 | HandleKey FINALLY: Lock Released
Timestamp: 48852671 | TrackCursor START | currentState=GRID_VISIBLE | firstKey=. | activeRowKey= | inUltraFastMode=0
Timestamp: 48852687 | ProcessKeyPress START | key=. | PhysicallyDown=DOWN | currentState=GRID_VISIBLE | rowKeyHeldTime=48847343 | activeRowKey=
Timestamp: 48852687 | HandleKey START | key=. | PhysicallyDown=DOWN | currentState=GRID_VISIBLE | firstKey=. | activeRowKey= | inUltraFastMode=0
Timestamp: 48852687 | HandleKey: Second Key Press | key=. | firstKey=.
Timestamp: 48852687 | Second Key Check: firstKeyWasCol=0 | firstKeyWasRow=1
Timestamp: 48852687 | Branch: Row -> Row (Change Row)
Timestamp: 48852687 | HandleKey FINALLY: Lock Released
Timestamp: 48852718 | ProcessKeyPress START | key=. | PhysicallyDown=DOWN | currentState=GRID_VISIBLE | rowKeyHeldTime=48847343 | activeRowKey=
Timestamp: 48852718 | HandleKey START | key=. | PhysicallyDown=DOWN | currentState=GRID_VISIBLE | firstKey=. | activeRowKey= | inUltraFastMode=0
Timestamp: 48852718 | Ignored rapid repeat: key=.
Timestamp: 48852718 | HandleKey FINALLY: Lock Released
Timestamp: 48852750 | TrackCursor START | currentState=GRID_VISIBLE | firstKey=. | activeRowKey= | inUltraFastMode=0
Timestamp: 48852765 | ProcessKeyPress START | key=. | PhysicallyDown=DOWN | currentState=GRID_VISIBLE | rowKeyHeldTime=48847343 | activeRowKey=
Timestamp: 48852765 | HandleKey START | key=. | PhysicallyDown=DOWN | currentState=GRID_VISIBLE | firstKey=. | activeRowKey= | inUltraFastMode=0
Timestamp: 48852765 | HandleKey: Second Key Press | key=. | firstKey=.
Timestamp: 48852765 | Second Key Check: firstKeyWasCol=0 | firstKeyWasRow=1
Timestamp: 48852765 | Branch: Row -> Row (Change Row)
Timestamp: 48852765 | HandleKey FINALLY: Lock Released
Timestamp: 48852781 | ProcessKeyPress START | key=. | PhysicallyDown=DOWN | currentState=GRID_VISIBLE | rowKeyHeldTime=48847343 | activeRowKey=
Timestamp: 48852781 | HandleKey START | key=. | PhysicallyDown=DOWN | currentState=GRID_VISIBLE | firstKey=. | activeRowKey= | inUltraFastMode=0
Timestamp: 48852781 | Ignored rapid repeat: key=.
Timestamp: 48852781 | HandleKey FINALLY: Lock Released
Timestamp: 48852812 | ProcessKeyPress START | key=. | PhysicallyDown=DOWN | currentState=GRID_VISIBLE | rowKeyHeldTime=48847343 | activeRowKey=
Timestamp: 48852828 | HandleKey START | key=. | PhysicallyDown=DOWN | currentState=GRID_VISIBLE | firstKey=. | activeRowKey= | inUltraFastMode=0
Timestamp: 48852828 | HandleKey: Second Key Press | key=. | firstKey=.
Timestamp: 48852828 | Second Key Check: firstKeyWasCol=0 | firstKeyWasRow=1
Timestamp: 48852828 | Branch: Row -> Row (Change Row)
Timestamp: 48852828 | HandleKey FINALLY: Lock Released
Timestamp: 48852859 | ProcessKeyPress START | key=. | PhysicallyDown=DOWN | currentState=GRID_VISIBLE | rowKeyHeldTime=48847343 | activeRowKey=
Timestamp: 48852859 | HandleKey START | key=. | PhysicallyDown=DOWN | currentState=GRID_VISIBLE | firstKey=. | activeRowKey= | inUltraFastMode=0
Timestamp: 48852859 | Ignored rapid repeat: key=.
Timestamp: 48852859 | HandleKey FINALLY: Lock Released
Timestamp: 48852890 | TrackCursor START | currentState=GRID_VISIBLE | firstKey=. | activeRowKey= | inUltraFastMode=0
Timestamp: 48852890 | ProcessKeyPress START | key=. | PhysicallyDown=DOWN | currentState=GRID_VISIBLE | rowKeyHeldTime=48847343 | activeRowKey=
Timestamp: 48852890 | HandleKey START | key=. | PhysicallyDown=DOWN | currentState=GRID_VISIBLE | firstKey=. | activeRowKey= | inUltraFastMode=0
Timestamp: 48852890 | HandleKey: Second Key Press | key=. | firstKey=.
Timestamp: 48852890 | Second Key Check: firstKeyWasCol=0 | firstKeyWasRow=1
Timestamp: 48852890 | Branch: Row -> Row (Change Row)
Timestamp: 48852890 | HandleKey FINALLY: Lock Released
Timestamp: 48852921 | ProcessKeyPress START | key=. | PhysicallyDown=DOWN | currentState=GRID_VISIBLE | rowKeyHeldTime=48847343 | activeRowKey=
Timestamp: 48852921 | HandleKey START | key=. | PhysicallyDown=DOWN | currentState=GRID_VISIBLE | firstKey=. | activeRowKey= | inUltraFastMode=0
Timestamp: 48852921 | Ignored rapid repeat: key=.
Timestamp: 48852921 | HandleKey FINALLY: Lock Released
Timestamp: 48852953 | TrackCursor START | currentState=GRID_VISIBLE | firstKey=. | activeRowKey= | inUltraFastMode=0
Timestamp: 48852953 | ProcessKeyPress START | key=. | PhysicallyDown=DOWN | currentState=GRID_VISIBLE | rowKeyHeldTime=48847343 | activeRowKey=
Timestamp: 48852953 | HandleKey START | key=. | PhysicallyDown=DOWN | currentState=GRID_VISIBLE | firstKey=. | activeRowKey= | inUltraFastMode=0
Timestamp: 48852953 | HandleKey: Second Key Press | key=. | firstKey=.
Timestamp: 48852953 | Second Key Check: firstKeyWasCol=0 | firstKeyWasRow=1
Timestamp: 48852953 | Branch: Row -> Row (Change Row)
Timestamp: 48852953 | HandleKey FINALLY: Lock Released
Timestamp: 48852984 | ProcessKeyPress START | key=. | PhysicallyDown=DOWN | currentState=GRID_VISIBLE | rowKeyHeldTime=48847343 | activeRowKey=
Timestamp: 48852984 | HandleKey START | key=. | PhysicallyDown=DOWN | currentState=GRID_VISIBLE | firstKey=. | activeRowKey= | inUltraFastMode=0
Timestamp: 48852984 | Ignored rapid repeat: key=.
Timestamp: 48852984 | HandleKey FINALLY: Lock Released
Timestamp: 48853015 | TrackCursor START | currentState=GRID_VISIBLE | firstKey=. | activeRowKey= | inUltraFastMode=0
Timestamp: 48853015 | ProcessKeyPress START | key=. | PhysicallyDown=DOWN | currentState=GRID_VISIBLE | rowKeyHeldTime=48847343 | activeRowKey=
Timestamp: 48853015 | HandleKey START | key=. | PhysicallyDown=DOWN | currentState=GRID_VISIBLE | firstKey=. | activeRowKey= | inUltraFastMode=0
Timestamp: 48853015 | HandleKey: Second Key Press | key=. | firstKey=.
Timestamp: 48853015 | Second Key Check: firstKeyWasCol=0 | firstKeyWasRow=1
Timestamp: 48853015 | Branch: Row -> Row (Change Row)
Timestamp: 48853015 | HandleKey FINALLY: Lock Released
Timestamp: 48853046 | ProcessKeyPress START | key=. | PhysicallyDown=DOWN | currentState=GRID_VISIBLE | rowKeyHeldTime=48847343 | activeRowKey=
Timestamp: 48853046 | HandleKey START | key=. | PhysicallyDown=DOWN | currentState=GRID_VISIBLE | firstKey=. | activeRowKey= | inUltraFastMode=0
Timestamp: 48853046 | Ignored rapid repeat: key=.
Timestamp: 48853046 | HandleKey FINALLY: Lock Released
Timestamp: 48853078 | TrackCursor START | currentState=GRID_VISIBLE | firstKey=. | activeRowKey= | inUltraFastMode=0
Timestamp: 48853078 | ProcessKeyPress START | key=. | PhysicallyDown=DOWN | currentState=GRID_VISIBLE | rowKeyHeldTime=48847343 | activeRowKey=
Timestamp: 48853078 | HandleKey START | key=. | PhysicallyDown=DOWN | currentState=GRID_VISIBLE | firstKey=. | activeRowKey= | inUltraFastMode=0
Timestamp: 48853078 | HandleKey: Second Key Press | key=. | firstKey=.
Timestamp: 48853078 | Second Key Check: firstKeyWasCol=0 | firstKeyWasRow=1
Timestamp: 48853078 | Branch: Row -> Row (Change Row)
Timestamp: 48853078 | HandleKey FINALLY: Lock Released
Timestamp: 48853109 | ProcessKeyPress START | key=. | PhysicallyDown=DOWN | currentState=GRID_VISIBLE | rowKeyHeldTime=48847343 | activeRowKey=
Timestamp: 48853109 | HandleKey START | key=. | PhysicallyDown=DOWN | currentState=GRID_VISIBLE | firstKey=. | activeRowKey= | inUltraFastMode=0
Timestamp: 48853109 | Ignored rapid repeat: key=.
Timestamp: 48853109 | HandleKey FINALLY: Lock Released
Timestamp: 48853140 | TrackCursor START | currentState=GRID_VISIBLE | firstKey=. | activeRowKey= | inUltraFastMode=0
Timestamp: 48853203 | TrackCursor START | currentState=GRID_VISIBLE | firstKey=. | activeRowKey= | inUltraFastMode=0
Timestamp: 48853265 | TrackCursor START | currentState=GRID_VISIBLE | firstKey=. | activeRowKey= | inUltraFastMode=0
Timestamp: 48853328 | TrackCursor START | currentState=GRID_VISIBLE | firstKey=. | activeRowKey= | inUltraFastMode=0
Timestamp: 48853390 | TrackCursor START | currentState=GRID_VISIBLE | firstKey=. | activeRowKey= | inUltraFastMode=0
Timestamp: 48853406 | ProcessKeyPress START | key=q | PhysicallyDown=DOWN | currentState=GRID_VISIBLE | rowKeyHeldTime=48847343 | activeRowKey=
Timestamp: 48853406 | HandleKey START | key=q | PhysicallyDown=DOWN | currentState=GRID_VISIBLE | firstKey=. | activeRowKey= | inUltraFastMode=0
Timestamp: 48853406 | HandleKey: Second Key Press | key=q | firstKey=.
Timestamp: 48853406 | Second Key Check: firstKeyWasCol=0 | firstKeyWasRow=1
Timestamp: 48853406 | Branch: Row -> Col
Timestamp: 48853406 | HandleKey: Proceeding to Subgrid | cellKey=q.
Timestamp: 48853406 | HandleKey: Setting currentState=SUBGRID_ACTIVE (Before)
Timestamp: 48853406 | HandleKey: Set currentState=SUBGRID_ACTIVE (After) | activeCellKey=q.
Timestamp: 48853406 | HandleKey: Clearing firstKey (Before) | firstKey=.
Timestamp: 48853406 | HandleKey: Cleared firstKey (After) | firstKey=
Timestamp: 48853578 | ProcessKeyPress START | key=. | PhysicallyDown=DOWN | currentState=SUBGRID_ACTIVE | rowKeyHeldTime=48847343 | activeRowKey=
Timestamp: 48853578 | StartNewSelection START | key=. | PhysicallyDown=DOWN | currentState=SUBGRID_ACTIVE | firstKey= | activeRowKey= | activeRowKeyPhysicallyDown=UP | inUltraFastMode=0
Timestamp: 48853578 | StartNewSelection: Resetting State (Before) | activeCellKey=q. | activeSubCellKey= | firstKey= | inUltraFastMode=0 | activeRowKey=
Timestamp: 48853578 | StartNewSelection: Reset State (After) | inUltraFastMode=0 | activeRowKey=
Timestamp: 48853578 | StartNewSelection: Setting currentState=GRID_VISIBLE (Before) | currentState=SUBGRID_ACTIVE
Timestamp: 48853578 | StartNewSelection: Set currentState=GRID_VISIBLE (After) | currentState=GRID_VISIBLE
Timestamp: 48853593 | HandleKey START | key=. | PhysicallyDown=DOWN | currentState=GRID_VISIBLE | firstKey= | activeRowKey= | inUltraFastMode=0
Timestamp: 48853593 | HandleKey Locked - Ignoring key=.
Timestamp: 48853406 | HandleKey FINALLY: Lock Released
Timestamp: 48854062 | TrackCursor START | currentState=GRID_VISIBLE | firstKey= | activeRowKey= | inUltraFastMode=0
Timestamp: 48854062 | TrackCursor: Setting currentState=SUBGRID_ACTIVE (Mouse Move, no firstKey - Before)
Timestamp: 48854062 | TrackCursor: Set currentState=SUBGRID_ACTIVE (Mouse Move, no firstKey - After)
Timestamp: 48854093 | ProcessKeyPress START | key=. | PhysicallyDown=DOWN | currentState=SUBGRID_ACTIVE | rowKeyHeldTime=48847343 | activeRowKey=
Timestamp: 48854093 | StartNewSelection START | key=. | PhysicallyDown=DOWN | currentState=SUBGRID_ACTIVE | firstKey= | activeRowKey= | activeRowKeyPhysicallyDown=UP | inUltraFastMode=0
Timestamp: 48854093 | StartNewSelection: Resetting State (Before) | activeCellKey=q. | activeSubCellKey= | firstKey= | inUltraFastMode=0 | activeRowKey=
Timestamp: 48854093 | StartNewSelection: Reset State (After) | inUltraFastMode=0 | activeRowKey=
Timestamp: 48854093 | StartNewSelection: Setting currentState=GRID_VISIBLE (Before) | currentState=SUBGRID_ACTIVE
Timestamp: 48854093 | StartNewSelection: Set currentState=GRID_VISIBLE (After) | currentState=GRID_VISIBLE
Timestamp: 48854109 | HandleKey START | key=. | PhysicallyDown=DOWN | currentState=GRID_VISIBLE | firstKey= | activeRowKey= | inUltraFastMode=0
Timestamp: 48854109 | HandleKey: First Key Press | key=.
Timestamp: 48854109 | HandleKey FINALLY: Lock Released
Timestamp: 48854156 | ProcessKeyPress START | key=. | PhysicallyDown=DOWN | currentState=GRID_VISIBLE | rowKeyHeldTime=48847343 | activeRowKey=
Timestamp: 48854156 | HandleKey START | key=. | PhysicallyDown=DOWN | currentState=GRID_VISIBLE | firstKey=. | activeRowKey= | inUltraFastMode=0
Timestamp: 48854156 | Ignored rapid repeat: key=.
Timestamp: 48854156 | HandleKey FINALLY: Lock Released
Timestamp: 48854187 | ProcessKeyPress START | key=. | PhysicallyDown=DOWN | currentState=GRID_VISIBLE | rowKeyHeldTime=48847343 | activeRowKey=
Timestamp: 48854187 | HandleKey START | key=. | PhysicallyDown=DOWN | currentState=GRID_VISIBLE | firstKey=. | activeRowKey= | inUltraFastMode=0
Timestamp: 48854187 | HandleKey: Second Key Press | key=. | firstKey=.
Timestamp: 48854187 | Second Key Check: firstKeyWasCol=0 | firstKeyWasRow=1
Timestamp: 48854187 | Branch: Row -> Row (Change Row)
Timestamp: 48854187 | HandleKey FINALLY: Lock Released
Timestamp: 48854218 | ProcessKeyPress START | key=. | PhysicallyDown=DOWN | currentState=GRID_VISIBLE | rowKeyHeldTime=48847343 | activeRowKey=
Timestamp: 48854218 | HandleKey START | key=. | PhysicallyDown=DOWN | currentState=GRID_VISIBLE | firstKey=. | activeRowKey= | inUltraFastMode=0
Timestamp: 48854218 | Ignored rapid repeat: key=.
Timestamp: 48854218 | HandleKey FINALLY: Lock Released
Timestamp: 48854250 | TrackCursor START | currentState=GRID_VISIBLE | firstKey=. | activeRowKey= | inUltraFastMode=0
Timestamp: 48854250 | ProcessKeyPress START | key=. | PhysicallyDown=DOWN | currentState=GRID_VISIBLE | rowKeyHeldTime=48847343 | activeRowKey=
Timestamp: 48854250 | HandleKey START | key=. | PhysicallyDown=DOWN | currentState=GRID_VISIBLE | firstKey=. | activeRowKey= | inUltraFastMode=0
Timestamp: 48854250 | HandleKey: Second Key Press | key=. | firstKey=.
Timestamp: 48854250 | Second Key Check: firstKeyWasCol=0 | firstKeyWasRow=1
Timestamp: 48854250 | Branch: Row -> Row (Change Row)
Timestamp: 48854250 | HandleKey FINALLY: Lock Released
Timestamp: 48854281 | ProcessKeyPress START | key=. | PhysicallyDown=DOWN | currentState=GRID_VISIBLE | rowKeyHeldTime=48847343 | activeRowKey=
Timestamp: 48854281 | HandleKey START | key=. | PhysicallyDown=DOWN | currentState=GRID_VISIBLE | firstKey=. | activeRowKey= | inUltraFastMode=0
Timestamp: 48854281 | Ignored rapid repeat: key=.
Timestamp: 48854281 | HandleKey FINALLY: Lock Released
Timestamp: 48854312 | ProcessKeyPress START | key=. | PhysicallyDown=DOWN | currentState=GRID_VISIBLE | rowKeyHeldTime=48847343 | activeRowKey=
Timestamp: 48854312 | HandleKey START | key=. | PhysicallyDown=DOWN | currentState=GRID_VISIBLE | firstKey=. | activeRowKey= | inUltraFastMode=0
Timestamp: 48854312 | HandleKey: Second Key Press | key=. | firstKey=.
Timestamp: 48854312 | Second Key Check: firstKeyWasCol=0 | firstKeyWasRow=1
Timestamp: 48854312 | Branch: Row -> Row (Change Row)
Timestamp: 48854312 | HandleKey FINALLY: Lock Released
Timestamp: 48854343 | ProcessKeyPress START | key=. | PhysicallyDown=DOWN | currentState=GRID_VISIBLE | rowKeyHeldTime=48847343 | activeRowKey=
Timestamp: 48854343 | HandleKey START | key=. | PhysicallyDown=DOWN | currentState=GRID_VISIBLE | firstKey=. | activeRowKey= | inUltraFastMode=0
Timestamp: 48854343 | Ignored rapid repeat: key=.
Timestamp: 48854343 | HandleKey FINALLY: Lock Released
Timestamp: 48854375 | TrackCursor START | currentState=GRID_VISIBLE | firstKey=. | activeRowKey= | inUltraFastMode=0
Timestamp: 48854375 | ProcessKeyPress START | key=. | PhysicallyDown=DOWN | currentState=GRID_VISIBLE | rowKeyHeldTime=48847343 | activeRowKey=
Timestamp: 48854375 | HandleKey START | key=. | PhysicallyDown=DOWN | currentState=GRID_VISIBLE | firstKey=. | activeRowKey= | inUltraFastMode=0
Timestamp: 48854375 | HandleKey: Second Key Press | key=. | firstKey=.
Timestamp: 48854375 | Second Key Check: firstKeyWasCol=0 | firstKeyWasRow=1
Timestamp: 48854375 | Branch: Row -> Row (Change Row)
Timestamp: 48854375 | HandleKey FINALLY: Lock Released
Timestamp: 48854406 | ProcessKeyPress START | key=. | PhysicallyDown=DOWN | currentState=GRID_VISIBLE | rowKeyHeldTime=48847343 | activeRowKey=
Timestamp: 48854406 | HandleKey START | key=. | PhysicallyDown=DOWN | currentState=GRID_VISIBLE | firstKey=. | activeRowKey= | inUltraFastMode=0
Timestamp: 48854406 | Ignored rapid repeat: key=.
Timestamp: 48854406 | HandleKey FINALLY: Lock Released
Timestamp: 48854437 | TrackCursor START | currentState=GRID_VISIBLE | firstKey=. | activeRowKey= | inUltraFastMode=0
Timestamp: 48854437 | ProcessKeyPress START | key=. | PhysicallyDown=DOWN | currentState=GRID_VISIBLE | rowKeyHeldTime=48847343 | activeRowKey=
Timestamp: 48854437 | HandleKey START | key=. | PhysicallyDown=DOWN | currentState=GRID_VISIBLE | firstKey=. | activeRowKey= | inUltraFastMode=0
Timestamp: 48854437 | HandleKey: Second Key Press | key=. | firstKey=.
Timestamp: 48854437 | Second Key Check: firstKeyWasCol=0 | firstKeyWasRow=1
Timestamp: 48854437 | Branch: Row -> Row (Change Row)
Timestamp: 48854437 | HandleKey FINALLY: Lock Released
Timestamp: 48854468 | ProcessKeyPress START | key=. | PhysicallyDown=DOWN | currentState=GRID_VISIBLE | rowKeyHeldTime=48847343 | activeRowKey=
Timestamp: 48854468 | HandleKey START | key=. | PhysicallyDown=DOWN | currentState=GRID_VISIBLE | firstKey=. | activeRowKey= | inUltraFastMode=0
Timestamp: 48854468 | Ignored rapid repeat: key=.
Timestamp: 48854468 | HandleKey FINALLY: Lock Released
Timestamp: 48854500 | TrackCursor START | currentState=GRID_VISIBLE | firstKey=. | activeRowKey= | inUltraFastMode=0
Timestamp: 48854500 | ProcessKeyPress START | key=. | PhysicallyDown=DOWN | currentState=GRID_VISIBLE | rowKeyHeldTime=48847343 | activeRowKey=
Timestamp: 48854500 | HandleKey START | key=. | PhysicallyDown=DOWN | currentState=GRID_VISIBLE | firstKey=. | activeRowKey= | inUltraFastMode=0
Timestamp: 48854500 | HandleKey: Second Key Press | key=. | firstKey=.
Timestamp: 48854500 | Second Key Check: firstKeyWasCol=0 | firstKeyWasRow=1
Timestamp: 48854500 | Branch: Row -> Row (Change Row)
Timestamp: 48854500 | HandleKey FINALLY: Lock Released
Timestamp: 48854546 | ProcessKeyPress START | key=. | PhysicallyDown=DOWN | currentState=GRID_VISIBLE | rowKeyHeldTime=48847343 | activeRowKey=
Timestamp: 48854546 | HandleKey START | key=. | PhysicallyDown=DOWN | currentState=GRID_VISIBLE | firstKey=. | activeRowKey= | inUltraFastMode=0
Timestamp: 48854546 | Ignored rapid repeat: key=.
Timestamp: 48854546 | HandleKey FINALLY: Lock Released
Timestamp: 48854562 | TrackCursor START | currentState=GRID_VISIBLE | firstKey=. | activeRowKey= | inUltraFastMode=0
Timestamp: 48854578 | ProcessKeyPress START | key=. | PhysicallyDown=DOWN | currentState=GRID_VISIBLE | rowKeyHeldTime=48847343 | activeRowKey=
Timestamp: 48854578 | HandleKey START | key=. | PhysicallyDown=DOWN | currentState=GRID_VISIBLE | firstKey=. | activeRowKey= | inUltraFastMode=0
Timestamp: 48854578 | HandleKey: Second Key Press | key=. | firstKey=.
Timestamp: 48854578 | Second Key Check: firstKeyWasCol=0 | firstKeyWasRow=1
Timestamp: 48854578 | Branch: Row -> Row (Change Row)
Timestamp: 48854578 | HandleKey FINALLY: Lock Released
Timestamp: 48854609 | ProcessKeyPress START | key=. | PhysicallyDown=DOWN | currentState=GRID_VISIBLE | rowKeyHeldTime=48847343 | activeRowKey=
Timestamp: 48854609 | HandleKey START | key=. | PhysicallyDown=DOWN | currentState=GRID_VISIBLE | firstKey=. | activeRowKey= | inUltraFastMode=0
Timestamp: 48854609 | Ignored rapid repeat: key=.
Timestamp: 48854609 | HandleKey FINALLY: Lock Released
Timestamp: 48854640 | TrackCursor START | currentState=GRID_VISIBLE | firstKey=. | activeRowKey= | inUltraFastMode=0
Timestamp: 48854656 | ProcessKeyPress START | key=. | PhysicallyDown=DOWN | currentState=GRID_VISIBLE | rowKeyHeldTime=48847343 | activeRowKey=
Timestamp: 48854656 | HandleKey START | key=. | PhysicallyDown=DOWN | currentState=GRID_VISIBLE | firstKey=. | activeRowKey= | inUltraFastMode=0
Timestamp: 48854656 | HandleKey: Second Key Press | key=. | firstKey=.
Timestamp: 48854656 | Second Key Check: firstKeyWasCol=0 | firstKeyWasRow=1
Timestamp: 48854656 | Branch: Row -> Row (Change Row)
Timestamp: 48854656 | HandleKey FINALLY: Lock Released
Timestamp: 48854687 | ProcessKeyPress START | key=. | PhysicallyDown=DOWN | currentState=GRID_VISIBLE | rowKeyHeldTime=48847343 | activeRowKey=
Timestamp: 48854687 | HandleKey START | key=. | PhysicallyDown=DOWN | currentState=GRID_VISIBLE | firstKey=. | activeRowKey= | inUltraFastMode=0
Timestamp: 48854687 | Ignored rapid repeat: key=.
Timestamp: 48854687 | HandleKey FINALLY: Lock Released
Timestamp: 48854703 | ProcessKeyPress START | key=. | PhysicallyDown=DOWN | currentState=GRID_VISIBLE | rowKeyHeldTime=48847343 | activeRowKey=
Timestamp: 48854703 | HandleKey START | key=. | PhysicallyDown=DOWN | currentState=GRID_VISIBLE | firstKey=. | activeRowKey= | inUltraFastMode=0
Timestamp: 48854703 | Ignored rapid repeat: key=.
Timestamp: 48854703 | HandleKey FINALLY: Lock Released
Timestamp: 48854734 | TrackCursor START | currentState=GRID_VISIBLE | firstKey=. | activeRowKey= | inUltraFastMode=0
Timestamp: 48854750 | ProcessKeyPress START | key=. | PhysicallyDown=DOWN | currentState=GRID_VISIBLE | rowKeyHeldTime=48847343 | activeRowKey=
Timestamp: 48854750 | HandleKey START | key=. | PhysicallyDown=DOWN | currentState=GRID_VISIBLE | firstKey=. | activeRowKey= | inUltraFastMode=0
Timestamp: 48854750 | HandleKey: Second Key Press | key=. | firstKey=.
Timestamp: 48854750 | Second Key Check: firstKeyWasCol=0 | firstKeyWasRow=1
Timestamp: 48854750 | Branch: Row -> Row (Change Row)
Timestamp: 48854750 | HandleKey FINALLY: Lock Released
Timestamp: 48854781 | ProcessKeyPress START | key=. | PhysicallyDown=DOWN | currentState=GRID_VISIBLE | rowKeyHeldTime=48847343 | activeRowKey=
Timestamp: 48854781 | HandleKey START | key=. | PhysicallyDown=DOWN | currentState=GRID_VISIBLE | firstKey=. | activeRowKey= | inUltraFastMode=0
Timestamp: 48854781 | Ignored rapid repeat: key=.
Timestamp: 48854781 | HandleKey FINALLY: Lock Released
Timestamp: 48854812 | TrackCursor START | currentState=GRID_VISIBLE | firstKey=. | activeRowKey= | inUltraFastMode=0
Timestamp: 48854812 | ProcessKeyPress START | key=. | PhysicallyDown=DOWN | currentState=GRID_VISIBLE | rowKeyHeldTime=48847343 | activeRowKey=
Timestamp: 48854812 | HandleKey START | key=. | PhysicallyDown=DOWN | currentState=GRID_VISIBLE | firstKey=. | activeRowKey= | inUltraFastMode=0
Timestamp: 48854812 | HandleKey: Second Key Press | key=. | firstKey=.
Timestamp: 48854812 | Second Key Check: firstKeyWasCol=0 | firstKeyWasRow=1
Timestamp: 48854812 | Branch: Row -> Row (Change Row)
Timestamp: 48854812 | HandleKey FINALLY: Lock Released
Timestamp: 48854843 | ProcessKeyPress START | key=. | PhysicallyDown=DOWN | currentState=GRID_VISIBLE | rowKeyHeldTime=48847343 | activeRowKey=
Timestamp: 48854843 | HandleKey START | key=. | PhysicallyDown=DOWN | currentState=GRID_VISIBLE | firstKey=. | activeRowKey= | inUltraFastMode=0
Timestamp: 48854843 | Ignored rapid repeat: key=.
Timestamp: 48854843 | HandleKey FINALLY: Lock Released
Timestamp: 48854875 | TrackCursor START | currentState=GRID_VISIBLE | firstKey=. | activeRowKey= | inUltraFastMode=0
Timestamp: 48854875 | ProcessKeyPress START | key=. | PhysicallyDown=DOWN | currentState=GRID_VISIBLE | rowKeyHeldTime=48847343 | activeRowKey=
Timestamp: 48854875 | HandleKey START | key=. | PhysicallyDown=DOWN | currentState=GRID_VISIBLE | firstKey=. | activeRowKey= | inUltraFastMode=0
Timestamp: 48854875 | HandleKey: Second Key Press | key=. | firstKey=.
Timestamp: 48854875 | Second Key Check: firstKeyWasCol=0 | firstKeyWasRow=1
Timestamp: 48854875 | Branch: Row -> Row (Change Row)
Timestamp: 48854875 | HandleKey FINALLY: Lock Released
Timestamp: 48854906 | ProcessKeyPress START | key=. | PhysicallyDown=DOWN | currentState=GRID_VISIBLE | rowKeyHeldTime=48847343 | activeRowKey=
Timestamp: 48854906 | HandleKey START | key=. | PhysicallyDown=DOWN | currentState=GRID_VISIBLE | firstKey=. | activeRowKey= | inUltraFastMode=0
Timestamp: 48854906 | Ignored rapid repeat: key=.
Timestamp: 48854906 | HandleKey FINALLY: Lock Released
Timestamp: 48854937 | TrackCursor START | currentState=GRID_VISIBLE | firstKey=. | activeRowKey= | inUltraFastMode=0
Timestamp: 48854937 | ProcessKeyPress START | key=. | PhysicallyDown=DOWN | currentState=GRID_VISIBLE | rowKeyHeldTime=48847343 | activeRowKey=
Timestamp: 48854937 | HandleKey START | key=. | PhysicallyDown=DOWN | currentState=GRID_VISIBLE | firstKey=. | activeRowKey= | inUltraFastMode=0
Timestamp: 48854937 | HandleKey: Second Key Press | key=. | firstKey=.
Timestamp: 48854937 | Second Key Check: firstKeyWasCol=0 | firstKeyWasRow=1
Timestamp: 48854937 | Branch: Row -> Row (Change Row)
Timestamp: 48854937 | HandleKey FINALLY: Lock Released
Timestamp: 48854968 | ProcessKeyPress START | key=. | PhysicallyDown=DOWN | currentState=GRID_VISIBLE | rowKeyHeldTime=48847343 | activeRowKey=
Timestamp: 48854968 | HandleKey START | key=. | PhysicallyDown=DOWN | currentState=GRID_VISIBLE | firstKey=. | activeRowKey= | inUltraFastMode=0
Timestamp: 48854968 | Ignored rapid repeat: key=.
Timestamp: 48854968 | HandleKey FINALLY: Lock Released
Timestamp: 48855000 | TrackCursor START | currentState=GRID_VISIBLE | firstKey=. | activeRowKey= | inUltraFastMode=0
Timestamp: 48855015 | ProcessKeyPress START | key=. | PhysicallyDown=DOWN | currentState=GRID_VISIBLE | rowKeyHeldTime=48847343 | activeRowKey=
Timestamp: 48855015 | HandleKey START | key=. | PhysicallyDown=DOWN | currentState=GRID_VISIBLE | firstKey=. | activeRowKey= | inUltraFastMode=0
Timestamp: 48855015 | HandleKey: Second Key Press | key=. | firstKey=.
Timestamp: 48855015 | Second Key Check: firstKeyWasCol=0 | firstKeyWasRow=1
Timestamp: 48855015 | Branch: Row -> Row (Change Row)
Timestamp: 48855015 | HandleKey FINALLY: Lock Released
Timestamp: 48855046 | ProcessKeyPress START | key=. | PhysicallyDown=DOWN | currentState=GRID_VISIBLE | rowKeyHeldTime=48847343 | activeRowKey=
Timestamp: 48855046 | HandleKey START | key=. | PhysicallyDown=DOWN | currentState=GRID_VISIBLE | firstKey=. | activeRowKey= | inUltraFastMode=0
Timestamp: 48855046 | Ignored rapid repeat: key=.
Timestamp: 48855046 | HandleKey FINALLY: Lock Released
Timestamp: 48855078 | TrackCursor START | currentState=GRID_VISIBLE | firstKey=. | activeRowKey= | inUltraFastMode=0
Timestamp: 48855078 | ProcessKeyPress START | key=. | PhysicallyDown=DOWN | currentState=GRID_VISIBLE | rowKeyHeldTime=48847343 | activeRowKey=
Timestamp: 48855078 | HandleKey START | key=. | PhysicallyDown=DOWN | currentState=GRID_VISIBLE | firstKey=. | activeRowKey= | inUltraFastMode=0
Timestamp: 48855078 | HandleKey: Second Key Press | key=. | firstKey=.
Timestamp: 48855078 | Second Key Check: firstKeyWasCol=0 | firstKeyWasRow=1
Timestamp: 48855078 | Branch: Row -> Row (Change Row)
Timestamp: 48855078 | HandleKey FINALLY: Lock Released
Timestamp: 48855093 | ProcessKeyPress START | key=a | PhysicallyDown=DOWN | currentState=GRID_VISIBLE | rowKeyHeldTime=48847343 | activeRowKey=
Timestamp: 48855093 | HandleKey START | key=a | PhysicallyDown=DOWN | currentState=GRID_VISIBLE | firstKey=. | activeRowKey= | inUltraFastMode=0
Timestamp: 48855093 | HandleKey: Second Key Press | key=a | firstKey=.
Timestamp: 48855093 | Second Key Check: firstKeyWasCol=0 | firstKeyWasRow=1
Timestamp: 48855093 | Branch: Row -> Col
Timestamp: 48855093 | HandleKey: Proceeding to Subgrid | cellKey=a.
Timestamp: 48855093 | HandleKey: Setting currentState=SUBGRID_ACTIVE (Before)
Timestamp: 48855093 | HandleKey: Set currentState=SUBGRID_ACTIVE (After) | activeCellKey=a.
Timestamp: 48855093 | HandleKey: Clearing firstKey (Before) | firstKey=.
Timestamp: 48855093 | HandleKey: Cleared firstKey (After) | firstKey=
Timestamp: 48855203 | ProcessKeyPress START | key=s | PhysicallyDown=DOWN | currentState=SUBGRID_ACTIVE | rowKeyHeldTime=48847343 | activeRowKey=
Timestamp: 48855203 | StartNewSelection START | key=s | PhysicallyDown=DOWN | currentState=SUBGRID_ACTIVE | firstKey= | activeRowKey= | activeRowKeyPhysicallyDown=UP | inUltraFastMode=0
Timestamp: 48855203 | StartNewSelection: Resetting State (Before) | activeCellKey=a. | activeSubCellKey= | firstKey= | inUltraFastMode=0 | activeRowKey=
Timestamp: 48855203 | StartNewSelection: Reset State (After) | inUltraFastMode=0 | activeRowKey=
Timestamp: 48855203 | StartNewSelection: Setting currentState=GRID_VISIBLE (Before) | currentState=SUBGRID_ACTIVE
Timestamp: 48855203 | StartNewSelection: Set currentState=GRID_VISIBLE (After) | currentState=GRID_VISIBLE
Timestamp: 48855218 | HandleKey START | key=s | PhysicallyDown=DOWN | currentState=GRID_VISIBLE | firstKey= | activeRowKey= | inUltraFastMode=0
Timestamp: 48855218 | HandleKey Locked - Ignoring key=s
Timestamp: 48855265 | ProcessKeyPress START | key=d | PhysicallyDown=DOWN | currentState=GRID_VISIBLE | rowKeyHeldTime=48847343 | activeRowKey=
Timestamp: 48855265 | HandleKey START | key=d | PhysicallyDown=DOWN | currentState=GRID_VISIBLE | firstKey= | activeRowKey= | inUltraFastMode=0
Timestamp: 48855265 | HandleKey Locked - Ignoring key=d
Timestamp: 48855421 | ProcessKeyPress START | key=f | PhysicallyDown=DOWN | currentState=GRID_VISIBLE | rowKeyHeldTime=48847343 | activeRowKey=
Timestamp: 48855421 | HandleKey START | key=f | PhysicallyDown=DOWN | currentState=GRID_VISIBLE | firstKey= | activeRowKey= | inUltraFastMode=0
Timestamp: 48855421 | HandleKey Locked - Ignoring key=f
Timestamp: 48855093 | HandleKey FINALLY: Lock Released
Timestamp: 48855781 | TrackCursor START | currentState=GRID_VISIBLE | firstKey= | activeRowKey= | inUltraFastMode=0
Timestamp: 48855781 | TrackCursor: Setting currentState=SUBGRID_ACTIVE (Mouse Move, no firstKey - Before)
Timestamp: 48855781 | TrackCursor: Set currentState=SUBGRID_ACTIVE (Mouse Move, no firstKey - After)
Timestamp: 48855843 | TrackCursor START | currentState=SUBGRID_ACTIVE | firstKey= | activeRowKey= | inUltraFastMode=0
Timestamp: 48855906 | TrackCursor START | currentState=SUBGRID_ACTIVE | firstKey= | activeRowKey= | inUltraFastMode=0
Timestamp: 48855968 | TrackCursor START | currentState=SUBGRID_ACTIVE | firstKey= | activeRowKey= | inUltraFastMode=0
Timestamp: 48856031 | TrackCursor START | currentState=SUBGRID_ACTIVE | firstKey= | activeRowKey= | inUltraFastMode=0
Timestamp: 48856093 | TrackCursor START | currentState=SUBGRID_ACTIVE | firstKey= | activeRowKey= | inUltraFastMode=0
Timestamp: 48856156 | TrackCursor START | currentState=SUBGRID_ACTIVE | firstKey= | activeRowKey= | inUltraFastMode=0
Timestamp: 48856218 | TrackCursor START | currentState=SUBGRID_ACTIVE | firstKey= | activeRowKey= | inUltraFastMode=0
Timestamp: 48856281 | TrackCursor START | currentState=SUBGRID_ACTIVE | firstKey= | activeRowKey= | inUltraFastMode=0
Timestamp: 48856343 | TrackCursor START | currentState=SUBGRID_ACTIVE | firstKey= | activeRowKey= | inUltraFastMode=0
Timestamp: 48856406 | TrackCursor START | currentState=SUBGRID_ACTIVE | firstKey= | activeRowKey= | inUltraFastMode=0
Timestamp: 48856468 | TrackCursor START | currentState=SUBGRID_ACTIVE | firstKey= | activeRowKey= | inUltraFastMode=0
Timestamp: 48856531 | TrackCursor START | currentState=SUBGRID_ACTIVE | firstKey= | activeRowKey= | inUltraFastMode=0
Timestamp: 48856593 | TrackCursor START | currentState=SUBGRID_ACTIVE | firstKey= | activeRowKey= | inUltraFastMode=0
Timestamp: 48856609 | ProcessKeyPress START | key=q | PhysicallyDown=DOWN | currentState=SUBGRID_ACTIVE | rowKeyHeldTime=48847343 | activeRowKey=
Timestamp: 48856609 | StartNewSelection START | key=q | PhysicallyDown=DOWN | currentState=SUBGRID_ACTIVE | firstKey= | activeRowKey= | activeRowKeyPhysicallyDown=UP | inUltraFastMode=0
Timestamp: 48856609 | StartNewSelection: Resetting State (Before) | activeCellKey=a. | activeSubCellKey= | firstKey= | inUltraFastMode=0 | activeRowKey=
Timestamp: 48856609 | StartNewSelection: Reset State (After) | inUltraFastMode=0 | activeRowKey=
Timestamp: 48856609 | StartNewSelection: Setting currentState=GRID_VISIBLE (Before) | currentState=SUBGRID_ACTIVE
Timestamp: 48856609 | StartNewSelection: Set currentState=GRID_VISIBLE (After) | currentState=GRID_VISIBLE
Timestamp: 48856625 | HandleKey START | key=q | PhysicallyDown=DOWN | currentState=GRID_VISIBLE | firstKey= | activeRowKey= | inUltraFastMode=0
Timestamp: 48856625 | HandleKey: First Key Press | key=q
Timestamp: 48856625 | HandleKey FINALLY: Lock Released
Timestamp: 48856718 | TrackCursor START | currentState=GRID_VISIBLE | firstKey=q | activeRowKey= | inUltraFastMode=0
Timestamp: 48856750 | ProcessKeyPress START | key=l | PhysicallyDown=DOWN | currentState=GRID_VISIBLE | rowKeyHeldTime=48847343 | activeRowKey=
Timestamp: 48856750 | HandleKey START | key=l | PhysicallyDown=DOWN | currentState=GRID_VISIBLE | firstKey=q | activeRowKey= | inUltraFastMode=0
Timestamp: 48856750 | HandleKey: Second Key Press | key=l | firstKey=q
Timestamp: 48856750 | Second Key Check: firstKeyWasCol=1 | firstKeyWasRow=0
Timestamp: 48856750 | Branch: Col -> Row
Timestamp: 48856750 | Row key 'l' physical state: DOWN
Timestamp: 48856750 | HandleKey: Proceeding to Subgrid | cellKey=ql
Timestamp: 48856750 | HandleKey: Setting currentState=SUBGRID_ACTIVE (Before)
Timestamp: 48856750 | HandleKey: Set currentState=SUBGRID_ACTIVE (After) | activeCellKey=ql
Timestamp: 48856750 | HandleKey: Setting UltraFast Vars | key=l | currentTime=48856750 | PhysicallyDown=1
Timestamp: 48856750 | HandleKey: Set UltraFast Vars | activeRowKey=l | rowKeyHeldTime=48856750
Timestamp: 48856750 | HandleKey: Clearing firstKey (Before) | firstKey=q
Timestamp: 48856750 | HandleKey: Cleared firstKey (After) | firstKey=
Timestamp: 48856750 | HandleKey FINALLY: Lock Released
Timestamp: 48857328 | ProcessKeyPress START | key=l | PhysicallyDown=DOWN | currentState=SUBGRID_ACTIVE | rowKeyHeldTime=48856750 | activeRowKey=l
Timestamp: 48857328 | ProcessKeyPress: Ignoring repeat of active row key | key=l | PhysicallyDown=DOWN
Timestamp: 48857359 | ProcessKeyPress START | key=l | PhysicallyDown=DOWN | currentState=SUBGRID_ACTIVE | rowKeyHeldTime=48856750 | activeRowKey=l
Timestamp: 48857359 | ProcessKeyPress: Ignoring repeat of active row key | key=l | PhysicallyDown=DOWN
Timestamp: 48857390 | TrackCursor START | currentState=SUBGRID_ACTIVE | firstKey= | activeRowKey=l | inUltraFastMode=0
Timestamp: 48857390 | TrackCursor Check: CurrentTick=48857390, HeldTimeStart=48856750, CalculatedHeldTime=640, Threshold=150, ActiveRowKey=l, PhysicallyDown=1, State=SUBGRID_ACTIVE
Timestamp: 48857390 | TrackCursor: Hold Threshold Met! (640 >= 150), Key is physically down
Timestamp: 48857421 | ProcessKeyPress START | key=l | PhysicallyDown=DOWN | currentState=SUBGRID_ACTIVE | rowKeyHeldTime=48856750 | activeRowKey=l
Timestamp: 48857421 | ProcessKeyPress: Ignoring repeat of active row key | key=l | PhysicallyDown=DOWN
Timestamp: 48857421 | ProcessKeyPress START | key=l | PhysicallyDown=DOWN | currentState=SUBGRID_ACTIVE | rowKeyHeldTime=48856750 | activeRowKey=l
Timestamp: 48857421 | ProcessKeyPress: Ignoring repeat of active row key | key=l | PhysicallyDown=DOWN
Timestamp: 48857453 | ProcessKeyPress START | key=l | PhysicallyDown=DOWN | currentState=SUBGRID_ACTIVE | rowKeyHeldTime=48856750 | activeRowKey=l
Timestamp: 48857453 | ProcessKeyPress: Ignoring repeat of active row key | key=l | PhysicallyDown=DOWN
Timestamp: 48857484 | ProcessKeyPress START | key=l | PhysicallyDown=DOWN | currentState=SUBGRID_ACTIVE | rowKeyHeldTime=48856750 | activeRowKey=l
Timestamp: 48857484 | ProcessKeyPress: Ignoring repeat of active row key | key=l | PhysicallyDown=DOWN
Timestamp: 48857515 | ProcessKeyPress START | key=l | PhysicallyDown=DOWN | currentState=SUBGRID_ACTIVE | rowKeyHeldTime=48856750 | activeRowKey=l
Timestamp: 48857515 | ProcessKeyPress: Ignoring repeat of active row key | key=l | PhysicallyDown=DOWN
Timestamp: 48857546 | ProcessKeyPress START | key=l | PhysicallyDown=DOWN | currentState=SUBGRID_ACTIVE | rowKeyHeldTime=48856750 | activeRowKey=l
Timestamp: 48857546 | ProcessKeyPress: Ignoring repeat of active row key | key=l | PhysicallyDown=DOWN
Timestamp: 48857578 | ProcessKeyPress START | key=l | PhysicallyDown=DOWN | currentState=SUBGRID_ACTIVE | rowKeyHeldTime=48856750 | activeRowKey=l
Timestamp: 48857578 | ProcessKeyPress: Ignoring repeat of active row key | key=l | PhysicallyDown=DOWN
Timestamp: 48857609 | ProcessKeyPress START | key=l | PhysicallyDown=DOWN | currentState=SUBGRID_ACTIVE | rowKeyHeldTime=48856750 | activeRowKey=l
Timestamp: 48857609 | ProcessKeyPress: Ignoring repeat of active row key | key=l | PhysicallyDown=DOWN
Timestamp: 48857640 | ProcessKeyPress START | key=l | PhysicallyDown=DOWN | currentState=SUBGRID_ACTIVE | rowKeyHeldTime=48856750 | activeRowKey=l
Timestamp: 48857640 | ProcessKeyPress: Ignoring repeat of active row key | key=l | PhysicallyDown=DOWN
Timestamp: 48857687 | ProcessKeyPress START | key=l | PhysicallyDown=DOWN | currentState=SUBGRID_ACTIVE | rowKeyHeldTime=48856750 | activeRowKey=l
Timestamp: 48857703 | ProcessKeyPress: Ignoring repeat of active row key | key=l | PhysicallyDown=DOWN
Timestamp: 48857703 | TrackCursor: Setting inUltraFastMode=true (Before)
Timestamp: 48857703 | TrackCursor: Set inUltraFastMode=true (After)
Timestamp: 48857718 | ProcessKeyPress START | key=l | PhysicallyDown=DOWN | currentState=SUBGRID_ACTIVE | rowKeyHeldTime=48856750 | activeRowKey=l
Timestamp: 48857718 | ProcessKeyPress: Ignoring repeat of active row key | key=l | PhysicallyDown=DOWN
Timestamp: 48857765 | ProcessKeyPress START | key=l | PhysicallyDown=DOWN | currentState=SUBGRID_ACTIVE | rowKeyHeldTime=48856750 | activeRowKey=l
Timestamp: 48857765 | ProcessKeyPress: Ignoring repeat of active row key | key=l | PhysicallyDown=DOWN
Timestamp: 48857796 | ProcessKeyPress START | key=l | PhysicallyDown=DOWN | currentState=SUBGRID_ACTIVE | rowKeyHeldTime=48856750 | activeRowKey=l
Timestamp: 48857796 | ProcessKeyPress: Ignoring repeat of active row key | key=l | PhysicallyDown=DOWN
Timestamp: 48857828 | ProcessKeyPress START | key=l | PhysicallyDown=DOWN | currentState=SUBGRID_ACTIVE | rowKeyHeldTime=48856750 | activeRowKey=l
Timestamp: 48857828 | ProcessKeyPress: Ignoring repeat of active row key | key=l | PhysicallyDown=DOWN
Timestamp: 48857859 | ProcessKeyPress START | key=l | PhysicallyDown=DOWN | currentState=SUBGRID_ACTIVE | rowKeyHeldTime=48856750 | activeRowKey=l
Timestamp: 48857859 | ProcessKeyPress: Ignoring repeat of active row key | key=l | PhysicallyDown=DOWN
Timestamp: 48857890 | ProcessKeyPress START | key=l | PhysicallyDown=DOWN | currentState=SUBGRID_ACTIVE | rowKeyHeldTime=48856750 | activeRowKey=l
Timestamp: 48857890 | ProcessKeyPress: Ignoring repeat of active row key | key=l | PhysicallyDown=DOWN
Timestamp: 48857921 | ProcessKeyPress START | key=l | PhysicallyDown=DOWN | currentState=SUBGRID_ACTIVE | rowKeyHeldTime=48856750 | activeRowKey=l
Timestamp: 48857921 | ProcessKeyPress: Ignoring repeat of active row key | key=l | PhysicallyDown=DOWN
Timestamp: 48857953 | ProcessKeyPress START | key=l | PhysicallyDown=DOWN | currentState=SUBGRID_ACTIVE | rowKeyHeldTime=48856750 | activeRowKey=l
Timestamp: 48857953 | ProcessKeyPress: Ignoring repeat of active row key | key=l | PhysicallyDown=DOWN
Timestamp: 48857984 | ProcessKeyPress START | key=l | PhysicallyDown=DOWN | currentState=SUBGRID_ACTIVE | rowKeyHeldTime=48856750 | activeRowKey=l
Timestamp: 48857984 | ProcessKeyPress: Ignoring repeat of active row key | key=l | PhysicallyDown=DOWN
Timestamp: 48858015 | ProcessKeyPress START | key=l | PhysicallyDown=DOWN | currentState=SUBGRID_ACTIVE | rowKeyHeldTime=48856750 | activeRowKey=l
Timestamp: 48858015 | ProcessKeyPress: Ignoring repeat of active row key | key=l | PhysicallyDown=DOWN
Timestamp: 48858046 | ProcessKeyPress START | key=l | PhysicallyDown=DOWN | currentState=SUBGRID_ACTIVE | rowKeyHeldTime=48856750 | activeRowKey=l
Timestamp: 48858046 | ProcessKeyPress: Ignoring repeat of active row key | key=l | PhysicallyDown=DOWN
Timestamp: 48858078 | ProcessKeyPress START | key=l | PhysicallyDown=DOWN | currentState=SUBGRID_ACTIVE | rowKeyHeldTime=48856750 | activeRowKey=l
Timestamp: 48858078 | ProcessKeyPress: Ignoring repeat of active row key | key=l | PhysicallyDown=DOWN
Timestamp: 48858125 | ProcessKeyPress START | key=l | PhysicallyDown=DOWN | currentState=SUBGRID_ACTIVE | rowKeyHeldTime=48856750 | activeRowKey=l
Timestamp: 48858125 | ProcessKeyPress: Ignoring repeat of active row key | key=l | PhysicallyDown=DOWN
Timestamp: 48858156 | ProcessKeyPress START | key=a | PhysicallyDown=DOWN | currentState=SUBGRID_ACTIVE | rowKeyHeldTime=48856750 | activeRowKey=l
Timestamp: 48858234 | ProcessKeyPress START | key=s | PhysicallyDown=DOWN | currentState=SUBGRID_ACTIVE | rowKeyHeldTime=48856750 | activeRowKey=l
Timestamp: 48858265 | ProcessKeyPress START | key=d | PhysicallyDown=DOWN | currentState=SUBGRID_ACTIVE | rowKeyHeldTime=48856750 | activeRowKey=l
Timestamp: 48858375 | ProcessKeyPress START | key=f | PhysicallyDown=DOWN | currentState=SUBGRID_ACTIVE | rowKeyHeldTime=48856750 | activeRowKey=l
Timestamp: 48858859 | HandleRowKeyRelease START | key=l | currentState=SUBGRID_ACTIVE | activeRowKey=l | inUltraFastMode=1
Timestamp: 48858859 | HandleRowKeyRelease: Check condition: enableUltraFast=1, inUltraFastMode=1, activeRowKey=l
Timestamp: 48858859 | HandleRowKeyRelease: Deactivating ultra-fast mode for key=l
Timestamp: 48858859 | HandleRowKeyRelease: Setting inUltraFastMode=false (Before) | inUltraFastMode=1
Timestamp: 48858859 | HandleRowKeyRelease: Set inUltraFastMode=false (After) | inUltraFastMode=0
Timestamp: 48858875 | HandleRowKeyRelease: Clearing activeRowKey (Before) | activeRowKey=l
Timestamp: 48858875 | HandleRowKeyRelease: Cleared activeRowKey (After) | activeRowKey=
Timestamp: 48860921 | ProcessKeyPress START | key=l | PhysicallyDown=DOWN | currentState=SUBGRID_ACTIVE | rowKeyHeldTime=48856750 | activeRowKey=
Timestamp: 48860921 | StartNewSelection START | key=l | PhysicallyDown=DOWN | currentState=SUBGRID_ACTIVE | firstKey= | activeRowKey= | activeRowKeyPhysicallyDown=UP | inUltraFastMode=0
Timestamp: 48860921 | StartNewSelection: Resetting State (Before) | activeCellKey=ql | activeSubCellKey=f | firstKey= | inUltraFastMode=0 | activeRowKey=
Timestamp: 48860921 | StartNewSelection: Reset State (After) | inUltraFastMode=0 | activeRowKey=
Timestamp: 48860921 | StartNewSelection: Setting currentState=GRID_VISIBLE (Before) | currentState=SUBGRID_ACTIVE
Timestamp: 48860921 | StartNewSelection: Set currentState=GRID_VISIBLE (After) | currentState=GRID_VISIBLE
Timestamp: 48860937 | HandleKey START | key=l | PhysicallyDown=DOWN | currentState=GRID_VISIBLE | firstKey= | activeRowKey= | inUltraFastMode=0
Timestamp: 48860937 | HandleKey: First Key Press | key=l
Timestamp: 48860937 | HandleKey FINALLY: Lock Released
Timestamp: 48861437 | ProcessKeyPress START | key=l | PhysicallyDown=DOWN | currentState=GRID_VISIBLE | rowKeyHeldTime=48856750 | activeRowKey=
Timestamp: 48861437 | HandleKey START | key=l | PhysicallyDown=DOWN | currentState=GRID_VISIBLE | firstKey=l | activeRowKey= | inUltraFastMode=0
Timestamp: 48861437 | HandleKey: Second Key Press | key=l | firstKey=l
Timestamp: 48861437 | Second Key Check: firstKeyWasCol=0 | firstKeyWasRow=1
Timestamp: 48861437 | Branch: Row -> Row (Change Row)
Timestamp: 48861437 | HandleKey FINALLY: Lock Released
Timestamp: 48861468 | ProcessKeyPress START | key=l | PhysicallyDown=DOWN | currentState=GRID_VISIBLE | rowKeyHeldTime=48856750 | activeRowKey=
Timestamp: 48861468 | HandleKey START | key=l | PhysicallyDown=DOWN | currentState=GRID_VISIBLE | firstKey=l | activeRowKey= | inUltraFastMode=0
Timestamp: 48861468 | Ignored rapid repeat: key=l
Timestamp: 48861468 | HandleKey FINALLY: Lock Released
Timestamp: 48861500 | ProcessKeyPress START | key=l | PhysicallyDown=DOWN | currentState=GRID_VISIBLE | rowKeyHeldTime=48856750 | activeRowKey=
Timestamp: 48861500 | HandleKey START | key=l | PhysicallyDown=DOWN | currentState=GRID_VISIBLE | firstKey=l | activeRowKey= | inUltraFastMode=0
Timestamp: 48861500 | HandleKey: Second Key Press | key=l | firstKey=l
Timestamp: 48861500 | Second Key Check: firstKeyWasCol=0 | firstKeyWasRow=1
Timestamp: 48861500 | Branch: Row -> Row (Change Row)
Timestamp: 48861500 | HandleKey FINALLY: Lock Released
Timestamp: 48861531 | ProcessKeyPress START | key=l | PhysicallyDown=DOWN | currentState=GRID_VISIBLE | rowKeyHeldTime=48856750 | activeRowKey=
Timestamp: 48861531 | HandleKey START | key=l | PhysicallyDown=DOWN | currentState=GRID_VISIBLE | firstKey=l | activeRowKey= | inUltraFastMode=0
Timestamp: 48861531 | Ignored rapid repeat: key=l
Timestamp: 48861531 | HandleKey FINALLY: Lock Released
Timestamp: 48861562 | ProcessKeyPress START | key=l | PhysicallyDown=DOWN | currentState=GRID_VISIBLE | rowKeyHeldTime=48856750 | activeRowKey=
Timestamp: 48861562 | HandleKey START | key=l | PhysicallyDown=DOWN | currentState=GRID_VISIBLE | firstKey=l | activeRowKey= | inUltraFastMode=0
Timestamp: 48861562 | HandleKey: Second Key Press | key=l | firstKey=l
Timestamp: 48861562 | Second Key Check: firstKeyWasCol=0 | firstKeyWasRow=1
Timestamp: 48861562 | Branch: Row -> Row (Change Row)
Timestamp: 48861562 | HandleKey FINALLY: Lock Released
Timestamp: 48861593 | ProcessKeyPress START | key=l | PhysicallyDown=DOWN | currentState=GRID_VISIBLE | rowKeyHeldTime=48856750 | activeRowKey=
Timestamp: 48861593 | HandleKey START | key=l | PhysicallyDown=DOWN | currentState=GRID_VISIBLE | firstKey=l | activeRowKey= | inUltraFastMode=0
Timestamp: 48861593 | Ignored rapid repeat: key=l
Timestamp: 48861593 | HandleKey FINALLY: Lock Released
Timestamp: 48861625 | ProcessKeyPress START | key=l | PhysicallyDown=DOWN | currentState=GRID_VISIBLE | rowKeyHeldTime=48856750 | activeRowKey=
Timestamp: 48861625 | HandleKey START | key=l | PhysicallyDown=DOWN | currentState=GRID_VISIBLE | firstKey=l | activeRowKey= | inUltraFastMode=0
Timestamp: 48861625 | HandleKey: Second Key Press | key=l | firstKey=l
Timestamp: 48861625 | Second Key Check: firstKeyWasCol=0 | firstKeyWasRow=1
Timestamp: 48861625 | Branch: Row -> Row (Change Row)
Timestamp: 48861625 | HandleKey FINALLY: Lock Released
Timestamp: 48861656 | ProcessKeyPress START | key=l | PhysicallyDown=DOWN | currentState=GRID_VISIBLE | rowKeyHeldTime=48856750 | activeRowKey=
Timestamp: 48861656 | HandleKey START | key=l | PhysicallyDown=DOWN | currentState=GRID_VISIBLE | firstKey=l | activeRowKey= | inUltraFastMode=0
Timestamp: 48861656 | Ignored rapid repeat: key=l
Timestamp: 48861656 | HandleKey FINALLY: Lock Released
Timestamp: 48861703 | ProcessKeyPress START | key=l | PhysicallyDown=DOWN | currentState=GRID_VISIBLE | rowKeyHeldTime=48856750 | activeRowKey=
Timestamp: 48861703 | HandleKey START | key=l | PhysicallyDown=DOWN | currentState=GRID_VISIBLE | firstKey=l | activeRowKey= | inUltraFastMode=0
Timestamp: 48861703 | HandleKey: Second Key Press | key=l | firstKey=l
Timestamp: 48861703 | Second Key Check: firstKeyWasCol=0 | firstKeyWasRow=1
Timestamp: 48861703 | Branch: Row -> Row (Change Row)
Timestamp: 48861703 | HandleKey FINALLY: Lock Released
Timestamp: 48861734 | ProcessKeyPress START | key=l | PhysicallyDown=DOWN | currentState=GRID_VISIBLE | rowKeyHeldTime=48856750 | activeRowKey=
Timestamp: 48861734 | HandleKey START | key=l | PhysicallyDown=DOWN | currentState=GRID_VISIBLE | firstKey=l | activeRowKey= | inUltraFastMode=0
Timestamp: 48861734 | Ignored rapid repeat: key=l
Timestamp: 48861734 | HandleKey FINALLY: Lock Released
Timestamp: 48861765 | ProcessKeyPress START | key=l | PhysicallyDown=DOWN | currentState=GRID_VISIBLE | rowKeyHeldTime=48856750 | activeRowKey=
Timestamp: 48861765 | HandleKey START | key=l | PhysicallyDown=DOWN | currentState=GRID_VISIBLE | firstKey=l | activeRowKey= | inUltraFastMode=0
Timestamp: 48861765 | HandleKey: Second Key Press | key=l | firstKey=l
Timestamp: 48861765 | Second Key Check: firstKeyWasCol=0 | firstKeyWasRow=1
Timestamp: 48861765 | Branch: Row -> Row (Change Row)
Timestamp: 48861765 | HandleKey FINALLY: Lock Released
Timestamp: 48861796 | ProcessKeyPress START | key=l | PhysicallyDown=DOWN | currentState=GRID_VISIBLE | rowKeyHeldTime=48856750 | activeRowKey=
Timestamp: 48861796 | HandleKey START | key=l | PhysicallyDown=DOWN | currentState=GRID_VISIBLE | firstKey=l | activeRowKey= | inUltraFastMode=0
Timestamp: 48861796 | Ignored rapid repeat: key=l
Timestamp: 48861796 | HandleKey FINALLY: Lock Released
Timestamp: 48861828 | ProcessKeyPress START | key=l | PhysicallyDown=DOWN | currentState=GRID_VISIBLE | rowKeyHeldTime=48856750 | activeRowKey=
Timestamp: 48861828 | HandleKey START | key=l | PhysicallyDown=DOWN | currentState=GRID_VISIBLE | firstKey=l | activeRowKey= | inUltraFastMode=0
Timestamp: 48861828 | HandleKey: Second Key Press | key=l | firstKey=l
Timestamp: 48861828 | Second Key Check: firstKeyWasCol=0 | firstKeyWasRow=1
Timestamp: 48861828 | Branch: Row -> Row (Change Row)
Timestamp: 48861828 | HandleKey FINALLY: Lock Released
Timestamp: 48861859 | ProcessKeyPress START | key=l | PhysicallyDown=DOWN | currentState=GRID_VISIBLE | rowKeyHeldTime=48856750 | activeRowKey=
Timestamp: 48861859 | HandleKey START | key=l | PhysicallyDown=DOWN | currentState=GRID_VISIBLE | firstKey=l | activeRowKey= | inUltraFastMode=0
Timestamp: 48861859 | Ignored rapid repeat: key=l
Timestamp: 48861859 | HandleKey FINALLY: Lock Released
Timestamp: 48861890 | ProcessKeyPress START | key=l | PhysicallyDown=DOWN | currentState=GRID_VISIBLE | rowKeyHeldTime=48856750 | activeRowKey=
Timestamp: 48861890 | HandleKey START | key=l | PhysicallyDown=DOWN | currentState=GRID_VISIBLE | firstKey=l | activeRowKey= | inUltraFastMode=0
Timestamp: 48861890 | HandleKey: Second Key Press | key=l | firstKey=l
Timestamp: 48861890 | Second Key Check: firstKeyWasCol=0 | firstKeyWasRow=1
Timestamp: 48861890 | Branch: Row -> Row (Change Row)
Timestamp: 48861890 | HandleKey FINALLY: Lock Released
Timestamp: 48861921 | ProcessKeyPress START | key=l | PhysicallyDown=DOWN | currentState=GRID_VISIBLE | rowKeyHeldTime=48856750 | activeRowKey=
Timestamp: 48861921 | HandleKey START | key=l | PhysicallyDown=DOWN | currentState=GRID_VISIBLE | firstKey=l | activeRowKey= | inUltraFastMode=0
Timestamp: 48861921 | Ignored rapid repeat: key=l
Timestamp: 48861921 | HandleKey FINALLY: Lock Released
Timestamp: 48862421 | Cleanup START | currentState=GRID_VISIBLE
Timestamp: 48862421 | Cleanup: Setting currentState=IDLE (Before) | currentState=GRID_VISIBLE
Timestamp: 48862421 | Cleanup: Resetting State (Before) | firstKey=l | inUltraFastMode=0 | activeRowKey=
Timestamp: 48862421 | Cleanup: Reset State (After) | firstKey= | inUltraFastMode=0 | activeRowKey=
